-- ============================================
-- 테이블셋 3: STUDENT (학생/수강/과목) 샘플 데이터
-- 총 약 1,000행
-- ============================================

-- PROFESSOR (30행)
INSERT INTO PROFESSOR VALUES (1, '황연우', '전자공학', '부교수', TO_DATE('2014-09-08', 'YYYY-MM-DD'), 65980);
INSERT INTO PROFESSOR VALUES (2, '백소연', '컴퓨터공학', '조교수', TO_DATE('1998-08-05', 'YYYY-MM-DD'), 80270);
INSERT INTO PROFESSOR VALUES (3, '백다영', '화학공학', '조교수', TO_DATE('2013-12-12', 'YYYY-MM-DD'), 48220);
INSERT INTO PROFESSOR VALUES (4, '안지우', '컴퓨터공학', '조교수', TO_DATE('2013-11-17', 'YYYY-MM-DD'), 89320);
INSERT INTO PROFESSOR VALUES (5, '차지원', '경영학', '초빙교수', TO_DATE('1996-03-24', 'YYYY-MM-DD'), 44260);
INSERT INTO PROFESSOR VALUES (6, '오수아', '수학', '부교수', TO_DATE('1995-02-20', 'YYYY-MM-DD'), 72820);
INSERT INTO PROFESSOR VALUES (7, '홍유준', '통계학', '교수', TO_DATE('1999-12-21', 'YYYY-MM-DD'), 52920);
INSERT INTO PROFESSOR VALUES (8, '장미래', '통계학', '초빙교수', TO_DATE('2009-04-30', 'YYYY-MM-DD'), 76980);
INSERT INTO PROFESSOR VALUES (9, '장서진', '전자공학', '조교수', TO_DATE('2007-08-22', 'YYYY-MM-DD'), 56270);
INSERT INTO PROFESSOR VALUES (10, '양현우', '수학', '초빙교수', TO_DATE('2020-08-02', 'YYYY-MM-DD'), NULL);
INSERT INTO PROFESSOR VALUES (11, '이다영', '통계학', '부교수', TO_DATE('1998-12-28', 'YYYY-MM-DD'), 77880);
INSERT INTO PROFESSOR VALUES (12, '한예준', '수학', '초빙교수', TO_DATE('2021-12-06', 'YYYY-MM-DD'), 61310);
INSERT INTO PROFESSOR VALUES (13, '양준우', '통계학', '교수', TO_DATE('1995-08-20', 'YYYY-MM-DD'), 83070);
INSERT INTO PROFESSOR VALUES (14, '남예지', '산업공학', '초빙교수', TO_DATE('2000-04-25', 'YYYY-MM-DD'), 58380);
INSERT INTO PROFESSOR VALUES (15, '서하영', '화학공학', '조교수', TO_DATE('2007-12-01', 'YYYY-MM-DD'), 80480);
INSERT INTO PROFESSOR VALUES (16, '허미래', '전자공학', '부교수', TO_DATE('2007-09-11', 'YYYY-MM-DD'), 55510);
INSERT INTO PROFESSOR VALUES (17, '백소연', '전자공학', '교수', TO_DATE('2008-01-07', 'YYYY-MM-DD'), 61440);
INSERT INTO PROFESSOR VALUES (18, '유세희', '전자공학', '조교수', TO_DATE('2021-02-23', 'YYYY-MM-DD'), 77530);
INSERT INTO PROFESSOR VALUES (19, '심지후', '화학공학', '조교수', TO_DATE('2012-10-31', 'YYYY-MM-DD'), 57380);
INSERT INTO PROFESSOR VALUES (20, '허지원', '통계학', '조교수', TO_DATE('1998-04-11', 'YYYY-MM-DD'), 47800);
INSERT INTO PROFESSOR VALUES (21, '최정우', '전자공학', '초빙교수', TO_DATE('2010-11-22', 'YYYY-MM-DD'), 89670);
INSERT INTO PROFESSOR VALUES (22, '구예은', '산업공학', '교수', TO_DATE('1995-03-29', 'YYYY-MM-DD'), 60770);
INSERT INTO PROFESSOR VALUES (23, '손연우', '수학', '조교수', TO_DATE('2000-12-06', 'YYYY-MM-DD'), NULL);
INSERT INTO PROFESSOR VALUES (24, '오서진', '전자공학', '초빙교수', TO_DATE('2010-03-20', 'YYYY-MM-DD'), 78340);
INSERT INTO PROFESSOR VALUES (25, '전예은', '통계학', '초빙교수', TO_DATE('2001-05-12', 'YYYY-MM-DD'), 61330);
INSERT INTO PROFESSOR VALUES (26, '박지후', '수학', '조교수', TO_DATE('2011-03-05', 'YYYY-MM-DD'), 75230);
INSERT INTO PROFESSOR VALUES (27, '안채원', '화학공학', '조교수', TO_DATE('2018-03-11', 'YYYY-MM-DD'), 65640);
INSERT INTO PROFESSOR VALUES (28, '한유준', '산업공학', '초빙교수', TO_DATE('2001-10-14', 'YYYY-MM-DD'), 85520);
INSERT INTO PROFESSOR VALUES (29, '유예준', '전자공학', '부교수', TO_DATE('1997-06-13', 'YYYY-MM-DD'), 58830);
INSERT INTO PROFESSOR VALUES (30, '심서진', '전자공학', '초빙교수', TO_DATE('2014-07-30', 'YYYY-MM-DD'), 49500);

-- STUDENT (200행)
INSERT INTO STUDENT VALUES (1, '노도윤', '수학', 3, 23, TO_DATE('2024-02-18', 'YYYY-MM-DD'));
INSERT INTO STUDENT VALUES (2, '노지호', '화학공학', 2, 4, TO_DATE('2021-04-14', 'YYYY-MM-DD'));
INSERT INTO STUDENT VALUES (3, '류현우', '화학공학', 2, 24, TO_DATE('2022-01-22', 'YYYY-MM-DD'));
INSERT INTO STUDENT VALUES (4, '주은지', '산업공학', 2, 19, TO_DATE('2019-01-17', 'YYYY-MM-DD'));
INSERT INTO STUDENT VALUES (5, '곽예린', '통계학', 2, 14, TO_DATE('2021-10-05', 'YYYY-MM-DD'));
INSERT INTO STUDENT VALUES (6, '노은서', '컴퓨터공학', 3, 1, TO_DATE('2020-05-14', 'YYYY-MM-DD'));
INSERT INTO STUDENT VALUES (7, '배승우', '통계학', 1, 27, TO_DATE('2019-04-29', 'YYYY-MM-DD'));
INSERT INTO STUDENT VALUES (8, '강시윤', '화학공학', 4, 15, TO_DATE('2022-01-08', 'YYYY-MM-DD'));
INSERT INTO STUDENT VALUES (9, '구지아', '컴퓨터공학', 3, 2, TO_DATE('2024-01-30', 'YYYY-MM-DD'));
INSERT INTO STUDENT VALUES (10, '전수빈', '산업공학', 2, 7, TO_DATE('2022-03-04', 'YYYY-MM-DD'));
INSERT INTO STUDENT VALUES (11, '전지현', '컴퓨터공학', 1, 18, TO_DATE('2023-04-12', 'YYYY-MM-DD'));
INSERT INTO STUDENT VALUES (12, '강유찬', '경영학', 2, 8, TO_DATE('2023-06-22', 'YYYY-MM-DD'));
INSERT INTO STUDENT VALUES (13, '강서준', '화학공학', 2, 6, TO_DATE('2023-07-07', 'YYYY-MM-DD'));
INSERT INTO STUDENT VALUES (14, '류지민', '화학공학', 2, 4, TO_DATE('2023-11-06', 'YYYY-MM-DD'));
INSERT INTO STUDENT VALUES (15, '박지민', '산업공학', 2, 12, TO_DATE('2023-02-14', 'YYYY-MM-DD'));
INSERT INTO STUDENT VALUES (16, '하도현', '수학', 4, 29, TO_DATE('2022-01-04', 'YYYY-MM-DD'));
INSERT INTO STUDENT VALUES (17, '주지유', '수학', 1, 25, TO_DATE('2023-02-17', 'YYYY-MM-DD'));
INSERT INTO STUDENT VALUES (18, '민현우', '수학', 4, NULL, TO_DATE('2022-10-31', 'YYYY-MM-DD'));
INSERT INTO STUDENT VALUES (19, '남은서', '전자공학', 2, 30, TO_DATE('2024-11-19', 'YYYY-MM-DD'));
INSERT INTO STUDENT VALUES (20, '강현준', '수학', 4, 3, TO_DATE('2024-05-10', 'YYYY-MM-DD'));
INSERT INTO STUDENT VALUES (21, '홍준서', '전자공학', 3, 27, TO_DATE('2023-10-18', 'YYYY-MM-DD'));
INSERT INTO STUDENT VALUES (22, '류하윤', '컴퓨터공학', 1, NULL, TO_DATE('2020-03-16', 'YYYY-MM-DD'));
INSERT INTO STUDENT VALUES (23, '하도훈', '수학', 1, 15, TO_DATE('2025-05-17', 'YYYY-MM-DD'));
INSERT INTO STUDENT VALUES (24, '안승현', '경영학', 1, 25, TO_DATE('2020-04-11', 'YYYY-MM-DD'));
INSERT INTO STUDENT VALUES (25, '남현우', '화학공학', 2, 27, TO_DATE('2019-12-08', 'YYYY-MM-DD'));
INSERT INTO STUDENT VALUES (26, '백수정', '산업공학', 3, 11, TO_DATE('2024-02-07', 'YYYY-MM-DD'));
INSERT INTO STUDENT VALUES (27, '유채원', '화학공학', 3, 11, TO_DATE('2021-02-05', 'YYYY-MM-DD'));
INSERT INTO STUDENT VALUES (28, '신현우', '컴퓨터공학', 3, 28, TO_DATE('2023-11-12', 'YYYY-MM-DD'));
INSERT INTO STUDENT VALUES (29, '성서준', '컴퓨터공학', 4, NULL, TO_DATE('2024-05-08', 'YYYY-MM-DD'));
INSERT INTO STUDENT VALUES (30, '김서준', '수학', 4, 10, TO_DATE('2025-12-01', 'YYYY-MM-DD'));
INSERT INTO STUDENT VALUES (31, '양다은', '산업공학', 4, 26, TO_DATE('2020-05-27', 'YYYY-MM-DD'));
INSERT INTO STUDENT VALUES (32, '장민준', '전자공학', 1, NULL, TO_DATE('2021-02-09', 'YYYY-MM-DD'));
INSERT INTO STUDENT VALUES (33, '이건우', '수학', 2, 21, TO_DATE('2025-01-15', 'YYYY-MM-DD'));
INSERT INTO STUDENT VALUES (34, '서하준', '경영학', 4, 5, TO_DATE('2019-03-31', 'YYYY-MM-DD'));
INSERT INTO STUDENT VALUES (35, '윤준우', '전자공학', 4, 16, TO_DATE('2024-01-16', 'YYYY-MM-DD'));
INSERT INTO STUDENT VALUES (36, '우선우', '전자공학', 3, 19, TO_DATE('2023-05-24', 'YYYY-MM-DD'));
INSERT INTO STUDENT VALUES (37, '최정우', '컴퓨터공학', 1, 21, TO_DATE('2023-11-04', 'YYYY-MM-DD'));
INSERT INTO STUDENT VALUES (38, '백미래', '수학', 3, 2, TO_DATE('2024-06-14', 'YYYY-MM-DD'));
INSERT INTO STUDENT VALUES (39, '하윤서', '산업공학', 4, 8, TO_DATE('2024-12-03', 'YYYY-MM-DD'));
INSERT INTO STUDENT VALUES (40, '이도훈', '통계학', 3, NULL, TO_DATE('2023-09-05', 'YYYY-MM-DD'));
INSERT INTO STUDENT VALUES (41, '심지호', '수학', 3, 15, TO_DATE('2019-03-27', 'YYYY-MM-DD'));
INSERT INTO STUDENT VALUES (42, '한현준', '산업공학', 2, 16, TO_DATE('2021-08-08', 'YYYY-MM-DD'));
INSERT INTO STUDENT VALUES (43, '하우진', '통계학', 3, 30, TO_DATE('2024-04-02', 'YYYY-MM-DD'));
INSERT INTO STUDENT VALUES (44, '장수정', '경영학', 4, 14, TO_DATE('2023-01-15', 'YYYY-MM-DD'));
INSERT INTO STUDENT VALUES (45, '심지현', '화학공학', 2, 20, TO_DATE('2019-12-20', 'YYYY-MM-DD'));
INSERT INTO STUDENT VALUES (46, '심지후', '전자공학', 2, 6, TO_DATE('2020-02-18', 'YYYY-MM-DD'));
INSERT INTO STUDENT VALUES (47, '백서윤', '경영학', 2, 7, TO_DATE('2019-03-16', 'YYYY-MM-DD'));
INSERT INTO STUDENT VALUES (48, '문수정', '경영학', 3, 22, TO_DATE('2024-08-24', 'YYYY-MM-DD'));
INSERT INTO STUDENT VALUES (49, '박지현', '컴퓨터공학', 3, 14, TO_DATE('2021-07-17', 'YYYY-MM-DD'));
INSERT INTO STUDENT VALUES (50, '윤하은', '전자공학', 4, 9, TO_DATE('2022-12-26', 'YYYY-MM-DD'));
INSERT INTO STUDENT VALUES (51, '박예린', '통계학', 3, 29, TO_DATE('2024-10-12', 'YYYY-MM-DD'));
INSERT INTO STUDENT VALUES (52, '구지아', '컴퓨터공학', 1, 30, TO_DATE('2024-02-16', 'YYYY-MM-DD'));
INSERT INTO STUDENT VALUES (53, '윤주원', '화학공학', 1, 27, TO_DATE('2024-09-08', 'YYYY-MM-DD'));
INSERT INTO STUDENT VALUES (54, '조준우', '산업공학', 1, 28, TO_DATE('2023-01-21', 'YYYY-MM-DD'));
INSERT INTO STUDENT VALUES (55, '한수빈', '경영학', 4, 25, TO_DATE('2020-02-11', 'YYYY-MM-DD'));
INSERT INTO STUDENT VALUES (56, '임지민', '경영학', 3, 27, TO_DATE('2021-04-06', 'YYYY-MM-DD'));
INSERT INTO STUDENT VALUES (57, '유준혁', '화학공학', 1, 8, TO_DATE('2024-04-24', 'YYYY-MM-DD'));
INSERT INTO STUDENT VALUES (58, '고현준', '통계학', 2, 3, TO_DATE('2023-08-27', 'YYYY-MM-DD'));
INSERT INTO STUDENT VALUES (59, '양수아', '산업공학', 2, 5, TO_DATE('2024-12-09', 'YYYY-MM-DD'));
INSERT INTO STUDENT VALUES (60, '백소연', '전자공학', 2, 26, TO_DATE('2023-08-04', 'YYYY-MM-DD'));
INSERT INTO STUDENT VALUES (61, '남미래', '통계학', 3, 1, TO_DATE('2019-02-10', 'YYYY-MM-DD'));
INSERT INTO STUDENT VALUES (62, '곽시우', '컴퓨터공학', 3, 11, TO_DATE('2020-11-04', 'YYYY-MM-DD'));
INSERT INTO STUDENT VALUES (63, '허예준', '수학', 1, 22, TO_DATE('2020-09-10', 'YYYY-MM-DD'));
INSERT INTO STUDENT VALUES (64, '주예준', '산업공학', 3, 14, TO_DATE('2025-03-17', 'YYYY-MM-DD'));
INSERT INTO STUDENT VALUES (65, '홍수빈', '산업공학', 3, 30, TO_DATE('2022-02-19', 'YYYY-MM-DD'));
INSERT INTO STUDENT VALUES (66, '곽채원', '전자공학', 4, 15, TO_DATE('2025-02-07', 'YYYY-MM-DD'));
INSERT INTO STUDENT VALUES (67, '민소연', '통계학', 4, 23, TO_DATE('2023-07-15', 'YYYY-MM-DD'));
INSERT INTO STUDENT VALUES (68, '서수정', '경영학', 1, 2, TO_DATE('2023-05-17', 'YYYY-MM-DD'));
INSERT INTO STUDENT VALUES (69, '장서현', '통계학', 3, 7, TO_DATE('2025-03-10', 'YYYY-MM-DD'));
INSERT INTO STUDENT VALUES (70, '홍서현', '경영학', 2, NULL, TO_DATE('2025-01-20', 'YYYY-MM-DD'));
INSERT INTO STUDENT VALUES (71, '우서진', '전자공학', 3, 24, TO_DATE('2024-08-31', 'YYYY-MM-DD'));
INSERT INTO STUDENT VALUES (72, '윤수빈', '컴퓨터공학', 3, 9, TO_DATE('2022-12-22', 'YYYY-MM-DD'));
INSERT INTO STUDENT VALUES (73, '윤예준', '화학공학', 1, 15, TO_DATE('2019-01-22', 'YYYY-MM-DD'));
INSERT INTO STUDENT VALUES (74, '남정우', '전자공학', 2, 12, TO_DATE('2025-06-04', 'YYYY-MM-DD'));
INSERT INTO STUDENT VALUES (75, '장예은', '수학', 2, 4, TO_DATE('2025-07-13', 'YYYY-MM-DD'));
INSERT INTO STUDENT VALUES (76, '서예지', '화학공학', 3, 15, TO_DATE('2023-10-10', 'YYYY-MM-DD'));
INSERT INTO STUDENT VALUES (77, '백하준', '컴퓨터공학', 1, 14, TO_DATE('2024-05-04', 'YYYY-MM-DD'));
INSERT INTO STUDENT VALUES (78, '신이준', '컴퓨터공학', 3, 22, TO_DATE('2025-08-06', 'YYYY-MM-DD'));
INSERT INTO STUDENT VALUES (79, '차서현', '화학공학', 4, 28, TO_DATE('2024-08-05', 'YYYY-MM-DD'));
INSERT INTO STUDENT VALUES (80, '박지민', '산업공학', 4, 24, TO_DATE('2020-10-29', 'YYYY-MM-DD'));
INSERT INTO STUDENT VALUES (81, '임지우', '전자공학', 4, 23, TO_DATE('2024-10-03', 'YYYY-MM-DD'));
INSERT INTO STUDENT VALUES (82, '곽지호', '산업공학', 2, 15, TO_DATE('2020-10-04', 'YYYY-MM-DD'));
INSERT INTO STUDENT VALUES (83, '차승우', '컴퓨터공학', 4, 4, TO_DATE('2025-05-30', 'YYYY-MM-DD'));
INSERT INTO STUDENT VALUES (84, '류도윤', '통계학', 2, 4, TO_DATE('2023-03-14', 'YYYY-MM-DD'));
INSERT INTO STUDENT VALUES (85, '홍현준', '수학', 1, 26, TO_DATE('2025-08-12', 'YYYY-MM-DD'));
INSERT INTO STUDENT VALUES (86, '백예준', '경영학', 3, 7, TO_DATE('2024-06-25', 'YYYY-MM-DD'));
INSERT INTO STUDENT VALUES (87, '김지호', '통계학', 3, 3, TO_DATE('2023-09-07', 'YYYY-MM-DD'));
INSERT INTO STUDENT VALUES (88, '심하윤', '경영학', 4, 29, TO_DATE('2023-03-26', 'YYYY-MM-DD'));
INSERT INTO STUDENT VALUES (89, '심수현', '산업공학', 2, 25, TO_DATE('2024-03-02', 'YYYY-MM-DD'));
INSERT INTO STUDENT VALUES (90, '유지아', '수학', 2, 28, TO_DATE('2020-01-01', 'YYYY-MM-DD'));
INSERT INTO STUDENT VALUES (91, '민지아', '통계학', 4, 13, TO_DATE('2023-06-08', 'YYYY-MM-DD'));
INSERT INTO STUDENT VALUES (92, '고민서', '컴퓨터공학', 4, 24, TO_DATE('2019-12-29', 'YYYY-MM-DD'));
INSERT INTO STUDENT VALUES (93, '한예은', '컴퓨터공학', 3, 18, TO_DATE('2025-04-10', 'YYYY-MM-DD'));
INSERT INTO STUDENT VALUES (94, '강도현', '통계학', 1, 19, TO_DATE('2024-05-03', 'YYYY-MM-DD'));
INSERT INTO STUDENT VALUES (95, '하은지', '컴퓨터공학', 1, 22, TO_DATE('2021-01-06', 'YYYY-MM-DD'));
INSERT INTO STUDENT VALUES (96, '이민재', '화학공학', 2, 8, TO_DATE('2025-07-01', 'YYYY-MM-DD'));
INSERT INTO STUDENT VALUES (97, '유하준', '화학공학', 3, 13, TO_DATE('2024-07-06', 'YYYY-MM-DD'));
INSERT INTO STUDENT VALUES (98, '이정우', '수학', 2, NULL, TO_DATE('2024-12-02', 'YYYY-MM-DD'));
INSERT INTO STUDENT VALUES (99, '전지훈', '경영학', 1, 4, TO_DATE('2025-01-28', 'YYYY-MM-DD'));
INSERT INTO STUDENT VALUES (100, '한현준', '전자공학', 2, 9, TO_DATE('2020-09-23', 'YYYY-MM-DD'));
INSERT INTO STUDENT VALUES (101, '홍준혁', '산업공학', 2, 2, TO_DATE('2022-08-25', 'YYYY-MM-DD'));
INSERT INTO STUDENT VALUES (102, '오서준', '산업공학', 1, 10, TO_DATE('2022-08-03', 'YYYY-MM-DD'));
INSERT INTO STUDENT VALUES (103, '임준혁', '경영학', 3, 13, TO_DATE('2020-05-10', 'YYYY-MM-DD'));
INSERT INTO STUDENT VALUES (104, '최도현', '전자공학', 2, 16, TO_DATE('2024-08-28', 'YYYY-MM-DD'));
INSERT INTO STUDENT VALUES (105, '손지호', '경영학', 1, 11, TO_DATE('2023-07-26', 'YYYY-MM-DD'));
INSERT INTO STUDENT VALUES (106, '정서연', '컴퓨터공학', 4, 21, TO_DATE('2019-03-18', 'YYYY-MM-DD'));
INSERT INTO STUDENT VALUES (107, '송하은', '통계학', 1, 8, TO_DATE('2020-05-29', 'YYYY-MM-DD'));
INSERT INTO STUDENT VALUES (108, '홍하윤', '수학', 4, 3, TO_DATE('2024-08-11', 'YYYY-MM-DD'));
INSERT INTO STUDENT VALUES (109, '신소연', '전자공학', 3, 18, TO_DATE('2021-10-01', 'YYYY-MM-DD'));
INSERT INTO STUDENT VALUES (110, '성도훈', '통계학', 4, NULL, TO_DATE('2024-03-18', 'YYYY-MM-DD'));
INSERT INTO STUDENT VALUES (111, '민현준', '산업공학', 2, NULL, TO_DATE('2024-05-29', 'YYYY-MM-DD'));
INSERT INTO STUDENT VALUES (112, '송지유', '경영학', 4, 12, TO_DATE('2021-05-21', 'YYYY-MM-DD'));
INSERT INTO STUDENT VALUES (113, '우수현', '통계학', 3, 2, TO_DATE('2024-12-27', 'YYYY-MM-DD'));
INSERT INTO STUDENT VALUES (114, '주시우', '경영학', 1, 13, TO_DATE('2020-07-26', 'YYYY-MM-DD'));
INSERT INTO STUDENT VALUES (115, '차민재', '수학', 2, 20, TO_DATE('2022-07-27', 'YYYY-MM-DD'));
INSERT INTO STUDENT VALUES (116, '고수아', '경영학', 4, 9, TO_DATE('2022-08-10', 'YYYY-MM-DD'));
INSERT INTO STUDENT VALUES (117, '고건우', '수학', 3, 1, TO_DATE('2020-07-01', 'YYYY-MM-DD'));
INSERT INTO STUDENT VALUES (118, '김지유', '수학', 1, NULL, TO_DATE('2020-12-11', 'YYYY-MM-DD'));
INSERT INTO STUDENT VALUES (119, '백하은', '산업공학', 4, 25, TO_DATE('2019-11-29', 'YYYY-MM-DD'));
INSERT INTO STUDENT VALUES (120, '김서준', '컴퓨터공학', 4, 22, TO_DATE('2023-03-22', 'YYYY-MM-DD'));
INSERT INTO STUDENT VALUES (121, '구승현', '수학', 2, 27, TO_DATE('2019-02-04', 'YYYY-MM-DD'));
INSERT INTO STUDENT VALUES (122, '윤시윤', '경영학', 2, NULL, TO_DATE('2019-03-23', 'YYYY-MM-DD'));
INSERT INTO STUDENT VALUES (123, '송은서', '산업공학', 3, 7, TO_DATE('2025-11-17', 'YYYY-MM-DD'));
INSERT INTO STUDENT VALUES (124, '홍지현', '산업공학', 2, 8, TO_DATE('2023-01-26', 'YYYY-MM-DD'));
INSERT INTO STUDENT VALUES (125, '박민재', '수학', 2, 1, TO_DATE('2023-06-11', 'YYYY-MM-DD'));
INSERT INTO STUDENT VALUES (126, '윤하영', '경영학', 4, 6, TO_DATE('2025-05-06', 'YYYY-MM-DD'));
INSERT INTO STUDENT VALUES (127, '구하윤', '전자공학', 1, 19, TO_DATE('2019-09-24', 'YYYY-MM-DD'));
INSERT INTO STUDENT VALUES (128, '장서진', '통계학', 2, 29, TO_DATE('2022-01-28', 'YYYY-MM-DD'));
INSERT INTO STUDENT VALUES (129, '서미래', '산업공학', 1, 23, TO_DATE('2025-11-21', 'YYYY-MM-DD'));
INSERT INTO STUDENT VALUES (130, '안은서', '통계학', 4, 1, TO_DATE('2019-08-01', 'YYYY-MM-DD'));
INSERT INTO STUDENT VALUES (131, '전도훈', '화학공학', 4, 9, TO_DATE('2024-10-23', 'YYYY-MM-DD'));
INSERT INTO STUDENT VALUES (132, '남서윤', '경영학', 1, 29, TO_DATE('2019-07-12', 'YYYY-MM-DD'));
INSERT INTO STUDENT VALUES (133, '송세희', '수학', 4, NULL, TO_DATE('2021-03-08', 'YYYY-MM-DD'));
INSERT INTO STUDENT VALUES (134, '고하준', '통계학', 1, 24, TO_DATE('2023-10-02', 'YYYY-MM-DD'));
INSERT INTO STUDENT VALUES (135, '정세희', '전자공학', 2, 6, TO_DATE('2019-09-15', 'YYYY-MM-DD'));
INSERT INTO STUDENT VALUES (136, '조서준', '수학', 4, NULL, TO_DATE('2022-10-01', 'YYYY-MM-DD'));
INSERT INTO STUDENT VALUES (137, '안선우', '컴퓨터공학', 4, 8, TO_DATE('2019-08-11', 'YYYY-MM-DD'));
INSERT INTO STUDENT VALUES (138, '고서현', '화학공학', 2, 3, TO_DATE('2025-12-12', 'YYYY-MM-DD'));
INSERT INTO STUDENT VALUES (139, '유소율', '컴퓨터공학', 4, 19, TO_DATE('2019-09-06', 'YYYY-MM-DD'));
INSERT INTO STUDENT VALUES (140, '박지훈', '경영학', 1, 26, TO_DATE('2023-12-16', 'YYYY-MM-DD'));
INSERT INTO STUDENT VALUES (141, '최연우', '통계학', 4, 3, TO_DATE('2019-08-17', 'YYYY-MM-DD'));
INSERT INTO STUDENT VALUES (142, '차예준', '경영학', 4, 13, TO_DATE('2023-08-11', 'YYYY-MM-DD'));
INSERT INTO STUDENT VALUES (143, '권하영', '통계학', 1, 15, TO_DATE('2023-10-20', 'YYYY-MM-DD'));
INSERT INTO STUDENT VALUES (144, '민채원', '컴퓨터공학', 3, 21, TO_DATE('2019-04-17', 'YYYY-MM-DD'));
INSERT INTO STUDENT VALUES (145, '남서현', '경영학', 2, 4, TO_DATE('2025-09-03', 'YYYY-MM-DD'));
INSERT INTO STUDENT VALUES (146, '정윤서', '화학공학', 2, 29, TO_DATE('2024-09-15', 'YYYY-MM-DD'));
INSERT INTO STUDENT VALUES (147, '안승현', '수학', 4, 24, TO_DATE('2021-01-31', 'YYYY-MM-DD'));
INSERT INTO STUDENT VALUES (148, '황지후', '화학공학', 1, 2, TO_DATE('2025-07-22', 'YYYY-MM-DD'));
INSERT INTO STUDENT VALUES (149, '허지우', '산업공학', 3, 10, TO_DATE('2025-01-25', 'YYYY-MM-DD'));
INSERT INTO STUDENT VALUES (150, '박지민', '수학', 3, 20, TO_DATE('2023-02-19', 'YYYY-MM-DD'));
INSERT INTO STUDENT VALUES (151, '김서현', '통계학', 2, 2, TO_DATE('2025-04-10', 'YYYY-MM-DD'));
INSERT INTO STUDENT VALUES (152, '최도훈', '경영학', 2, 7, TO_DATE('2021-04-04', 'YYYY-MM-DD'));
INSERT INTO STUDENT VALUES (153, '정정우', '전자공학', 4, 23, TO_DATE('2024-03-29', 'YYYY-MM-DD'));
INSERT INTO STUDENT VALUES (154, '구다은', '경영학', 3, 20, TO_DATE('2022-09-08', 'YYYY-MM-DD'));
INSERT INTO STUDENT VALUES (155, '한주원', '수학', 1, 16, TO_DATE('2019-01-16', 'YYYY-MM-DD'));
INSERT INTO STUDENT VALUES (156, '권다은', '전자공학', 4, 20, TO_DATE('2024-05-23', 'YYYY-MM-DD'));
INSERT INTO STUDENT VALUES (157, '고지현', '산업공학', 4, 7, TO_DATE('2019-01-28', 'YYYY-MM-DD'));
INSERT INTO STUDENT VALUES (158, '양민준', '컴퓨터공학', 3, 1, TO_DATE('2020-08-06', 'YYYY-MM-DD'));
INSERT INTO STUDENT VALUES (159, '류이준', '전자공학', 3, 2, TO_DATE('2021-03-26', 'YYYY-MM-DD'));
INSERT INTO STUDENT VALUES (160, '서현준', '전자공학', 2, 29, TO_DATE('2020-12-14', 'YYYY-MM-DD'));
INSERT INTO STUDENT VALUES (161, '고미래', '통계학', 2, 6, TO_DATE('2020-12-22', 'YYYY-MM-DD'));
INSERT INTO STUDENT VALUES (162, '안세희', '컴퓨터공학', 1, 27, TO_DATE('2023-04-02', 'YYYY-MM-DD'));
INSERT INTO STUDENT VALUES (163, '윤정우', '전자공학', 3, 15, TO_DATE('2023-03-06', 'YYYY-MM-DD'));
INSERT INTO STUDENT VALUES (164, '한서현', '화학공학', 4, 29, TO_DATE('2020-04-30', 'YYYY-MM-DD'));
INSERT INTO STUDENT VALUES (165, '임수정', '전자공학', 2, 7, TO_DATE('2023-03-13', 'YYYY-MM-DD'));
INSERT INTO STUDENT VALUES (166, '전지유', '수학', 2, NULL, TO_DATE('2025-11-28', 'YYYY-MM-DD'));
INSERT INTO STUDENT VALUES (167, '우도현', '화학공학', 3, 26, TO_DATE('2021-10-09', 'YYYY-MM-DD'));
INSERT INTO STUDENT VALUES (168, '최수아', '화학공학', 3, 28, TO_DATE('2024-09-12', 'YYYY-MM-DD'));
INSERT INTO STUDENT VALUES (169, '우수정', '수학', 2, 24, TO_DATE('2024-04-11', 'YYYY-MM-DD'));
INSERT INTO STUDENT VALUES (170, '민시우', '전자공학', 4, 25, TO_DATE('2024-09-16', 'YYYY-MM-DD'));
INSERT INTO STUDENT VALUES (171, '양서윤', '통계학', 4, 6, TO_DATE('2023-03-12', 'YYYY-MM-DD'));
INSERT INTO STUDENT VALUES (172, '곽다은', '수학', 4, 16, TO_DATE('2023-07-01', 'YYYY-MM-DD'));
INSERT INTO STUDENT VALUES (173, '우지민', '컴퓨터공학', 2, 8, TO_DATE('2024-01-26', 'YYYY-MM-DD'));
INSERT INTO STUDENT VALUES (174, '황유찬', '전자공학', 3, 14, TO_DATE('2025-05-29', 'YYYY-MM-DD'));
INSERT INTO STUDENT VALUES (175, '한다영', '화학공학', 3, 9, TO_DATE('2020-07-04', 'YYYY-MM-DD'));
INSERT INTO STUDENT VALUES (176, '강현준', '수학', 3, 8, TO_DATE('2024-03-20', 'YYYY-MM-DD'));
INSERT INTO STUDENT VALUES (177, '하채원', '경영학', 4, 15, TO_DATE('2023-08-03', 'YYYY-MM-DD'));
INSERT INTO STUDENT VALUES (178, '양지현', '수학', 3, 9, TO_DATE('2021-01-05', 'YYYY-MM-DD'));
INSERT INTO STUDENT VALUES (179, '유우진', '경영학', 1, 12, TO_DATE('2022-04-21', 'YYYY-MM-DD'));
INSERT INTO STUDENT VALUES (180, '하지우', '통계학', 1, 26, TO_DATE('2021-07-21', 'YYYY-MM-DD'));
INSERT INTO STUDENT VALUES (181, '조지호', '컴퓨터공학', 3, 2, TO_DATE('2022-09-29', 'YYYY-MM-DD'));
INSERT INTO STUDENT VALUES (182, '서은서', '경영학', 3, 10, TO_DATE('2022-01-29', 'YYYY-MM-DD'));
INSERT INTO STUDENT VALUES (183, '서예은', '통계학', 2, 28, TO_DATE('2025-02-02', 'YYYY-MM-DD'));
INSERT INTO STUDENT VALUES (184, '안민준', '화학공학', 3, 10, TO_DATE('2023-07-13', 'YYYY-MM-DD'));
INSERT INTO STUDENT VALUES (185, '배예지', '통계학', 1, 16, TO_DATE('2020-09-03', 'YYYY-MM-DD'));
INSERT INTO STUDENT VALUES (186, '배우진', '전자공학', 2, 16, TO_DATE('2025-08-01', 'YYYY-MM-DD'));
INSERT INTO STUDENT VALUES (187, '차소율', '수학', 4, 11, TO_DATE('2022-07-06', 'YYYY-MM-DD'));
INSERT INTO STUDENT VALUES (188, '서도훈', '화학공학', 4, 7, TO_DATE('2025-04-06', 'YYYY-MM-DD'));
INSERT INTO STUDENT VALUES (189, '이승우', '전자공학', 2, 10, TO_DATE('2019-02-09', 'YYYY-MM-DD'));
INSERT INTO STUDENT VALUES (190, '노지현', '산업공학', 3, 11, TO_DATE('2023-10-10', 'YYYY-MM-DD'));
INSERT INTO STUDENT VALUES (191, '배소율', '화학공학', 3, 11, TO_DATE('2025-05-13', 'YYYY-MM-DD'));
INSERT INTO STUDENT VALUES (192, '박다영', '전자공학', 2, 11, TO_DATE('2025-10-05', 'YYYY-MM-DD'));
INSERT INTO STUDENT VALUES (193, '구하윤', '화학공학', 4, 13, TO_DATE('2023-05-20', 'YYYY-MM-DD'));
INSERT INTO STUDENT VALUES (194, '정민서', '수학', 2, 16, TO_DATE('2025-05-21', 'YYYY-MM-DD'));
INSERT INTO STUDENT VALUES (195, '유수아', '경영학', 1, 6, TO_DATE('2025-03-14', 'YYYY-MM-DD'));
INSERT INTO STUDENT VALUES (196, '오도윤', '화학공학', 4, 1, TO_DATE('2019-10-12', 'YYYY-MM-DD'));
INSERT INTO STUDENT VALUES (197, '손현준', '전자공학', 2, 10, TO_DATE('2019-10-14', 'YYYY-MM-DD'));
INSERT INTO STUDENT VALUES (198, '남예준', '경영학', 1, 6, TO_DATE('2023-08-10', 'YYYY-MM-DD'));
INSERT INTO STUDENT VALUES (199, '배준우', '컴퓨터공학', 2, 18, TO_DATE('2019-10-09', 'YYYY-MM-DD'));
INSERT INTO STUDENT VALUES (200, '손은지', '화학공학', 2, 5, TO_DATE('2022-06-22', 'YYYY-MM-DD'));

-- COURSE (40행)
INSERT INTO COURSE VALUES ('CS001', '데이터베이스', 3, 27, '컴퓨터공학');
INSERT INTO COURSE VALUES ('CS002', '자료구조', 3, 6, '컴퓨터공학');
INSERT INTO COURSE VALUES ('CS003', '알고리즘', 3, 19, '컴퓨터공학');
INSERT INTO COURSE VALUES ('CS004', '운영체제', 3, 17, '컴퓨터공학');
INSERT INTO COURSE VALUES ('CS005', '컴퓨터네트워크', 3, 9, '컴퓨터공학');
INSERT INTO COURSE VALUES ('CS006', '인공지능', 3, 1, '컴퓨터공학');
INSERT INTO COURSE VALUES ('EE001', '회로이론', 3, 15, '전자공학');
INSERT INTO COURSE VALUES ('EE002', '전자기학', 2, 27, '전자공학');
INSERT INTO COURSE VALUES ('EE003', '신호처리', 3, 20, '전자공학');
INSERT INTO COURSE VALUES ('EE004', '반도체공학', 3, 17, '전자공학');
INSERT INTO COURSE VALUES ('EE005', '통신시스템', 3, 30, '전자공학');
INSERT INTO COURSE VALUES ('EE006', '디지털설계', 3, 15, '전자공학');
INSERT INTO COURSE VALUES ('BA001', '경영학원론', 3, 19, '경영학');
INSERT INTO COURSE VALUES ('BA002', '마케팅', 2, 24, '경영학');
INSERT INTO COURSE VALUES ('BA003', '재무관리', 2, 10, '경영학');
INSERT INTO COURSE VALUES ('BA004', '인사관리', 3, 12, '경영학');
INSERT INTO COURSE VALUES ('BA005', '생산관리', 3, 13, '경영학');
INSERT INTO COURSE VALUES ('BA006', '경영정보시스템', 3, 14, '경영학');
INSERT INTO COURSE VALUES ('MA001', '미적분학', 3, 6, '수학');
INSERT INTO COURSE VALUES ('MA002', '선형대수', 3, 15, '수학');
INSERT INTO COURSE VALUES ('MA003', '확률론', 3, 30, '수학');
INSERT INTO COURSE VALUES ('MA004', '해석학', 3, 23, '수학');
INSERT INTO COURSE VALUES ('MA005', '이산수학', 2, 13, '수학');
INSERT INTO COURSE VALUES ('MA006', '수리통계', 2, 8, '수학');
INSERT INTO COURSE VALUES ('ST001', '통계학개론', 3, 9, '통계학');
INSERT INTO COURSE VALUES ('ST002', '회귀분석', 3, 22, '통계학');
INSERT INTO COURSE VALUES ('ST003', '다변량분석', 2, 23, '통계학');
INSERT INTO COURSE VALUES ('ST004', '시계열분석', 3, 30, '통계학');
INSERT INTO COURSE VALUES ('ST005', '베이즈통계', 3, 14, '통계학');
INSERT INTO COURSE VALUES ('ST006', '실험계획', 2, 12, '통계학');
INSERT INTO COURSE VALUES ('IE001', '최적화', 2, 25, '산업공학');
INSERT INTO COURSE VALUES ('IE002', '시뮬레이션', 2, 17, '산업공학');
INSERT INTO COURSE VALUES ('IE003', '품질관리', 3, 14, '산업공학');
INSERT INTO COURSE VALUES ('IE004', '물류관리', 3, 6, '산업공학');
INSERT INTO COURSE VALUES ('IE005', '인간공학', 3, 7, '산업공학');
INSERT INTO COURSE VALUES ('IE006', '데이터마이닝', 2, 15, '산업공학');
INSERT INTO COURSE VALUES ('CE001', '유기화학', 2, 3, '화학공학');
INSERT INTO COURSE VALUES ('CE002', '물리화학', 3, 13, '화학공학');
INSERT INTO COURSE VALUES ('CE003', '반응공학', 3, 24, '화학공학');
INSERT INTO COURSE VALUES ('CE004', '분리공정', 3, 28, '화학공학');

-- ENROLLMENT (~730행)
INSERT INTO ENROLLMENT VALUES (1, 1, 'ST002', '2022-1', NULL, NULL);
INSERT INTO ENROLLMENT VALUES (2, 1, 'EE002', '2024-2', 68, 'D+');
INSERT INTO ENROLLMENT VALUES (3, 1, 'ST006', '2022-1', 63, 'D0');
INSERT INTO ENROLLMENT VALUES (4, 2, 'EE003', '2023-2', 76, 'C+');
INSERT INTO ENROLLMENT VALUES (5, 2, 'EE001', '2022-2', 77, 'C+');
INSERT INTO ENROLLMENT VALUES (6, 2, 'ST002', '2022-2', NULL, NULL);
INSERT INTO ENROLLMENT VALUES (7, 2, 'CS001', '2024-2', 69, 'D+');
INSERT INTO ENROLLMENT VALUES (8, 2, 'CS003', '2024-2', 81, 'B0');
INSERT INTO ENROLLMENT VALUES (9, 3, 'IE004', '2024-2', 67, 'D+');
INSERT INTO ENROLLMENT VALUES (10, 3, 'CS004', '2024-1', NULL, NULL);
INSERT INTO ENROLLMENT VALUES (11, 4, 'BA001', '2022-2', 81, 'B0');
INSERT INTO ENROLLMENT VALUES (12, 4, 'BA001', '2022-1', NULL, NULL);
INSERT INTO ENROLLMENT VALUES (13, 4, 'CS002', '2022-1', 73, 'C0');
INSERT INTO ENROLLMENT VALUES (14, 4, 'EE001', '2025-1', 71, 'C0');
INSERT INTO ENROLLMENT VALUES (15, 4, 'EE005', '2022-1', 79, 'C+');
INSERT INTO ENROLLMENT VALUES (16, 5, 'CE004', '2022-2', 65, 'D+');
INSERT INTO ENROLLMENT VALUES (17, 5, 'ST004', '2022-1', 70, 'C0');
INSERT INTO ENROLLMENT VALUES (18, 5, 'ST002', '2024-2', 80, 'B0');
INSERT INTO ENROLLMENT VALUES (19, 6, 'ST006', '2022-2', NULL, NULL);
INSERT INTO ENROLLMENT VALUES (20, 6, 'BA006', '2024-2', 82, 'B0');
INSERT INTO ENROLLMENT VALUES (21, 6, 'MA002', '2025-1', 78, 'C+');
INSERT INTO ENROLLMENT VALUES (22, 7, 'CE001', '2022-2', 47, 'F');
INSERT INTO ENROLLMENT VALUES (23, 7, 'ST001', '2024-2', 55, 'F');
INSERT INTO ENROLLMENT VALUES (24, 7, 'MA004', '2022-2', 92, 'A0');
INSERT INTO ENROLLMENT VALUES (25, 7, 'CS005', '2023-1', NULL, NULL);
INSERT INTO ENROLLMENT VALUES (26, 7, 'CE002', '2023-2', 72, 'C0');
INSERT INTO ENROLLMENT VALUES (27, 7, 'IE003', '2024-1', 76, 'C+');
INSERT INTO ENROLLMENT VALUES (28, 8, 'MA002', '2022-2', 91, 'A0');
INSERT INTO ENROLLMENT VALUES (29, 8, 'CE004', '2022-1', NULL, NULL);
INSERT INTO ENROLLMENT VALUES (30, 9, 'IE002', '2023-1', 75, 'C+');
INSERT INTO ENROLLMENT VALUES (31, 9, 'CE003', '2023-2', 78, 'C+');
INSERT INTO ENROLLMENT VALUES (32, 9, 'EE003', '2023-1', 42, 'F');
INSERT INTO ENROLLMENT VALUES (33, 9, 'MA001', '2025-1', NULL, NULL);
INSERT INTO ENROLLMENT VALUES (34, 10, 'MA004', '2022-2', 70, 'C0');
INSERT INTO ENROLLMENT VALUES (35, 10, 'BA004', '2025-1', 65, 'D+');
INSERT INTO ENROLLMENT VALUES (36, 10, 'MA003', '2022-2', 67, 'D+');
INSERT INTO ENROLLMENT VALUES (37, 10, 'CS005', '2025-1', 100, 'A+');
INSERT INTO ENROLLMENT VALUES (38, 11, 'EE003', '2022-1', 86, 'B+');
INSERT INTO ENROLLMENT VALUES (39, 11, 'BA002', '2022-2', 73, 'C0');
INSERT INTO ENROLLMENT VALUES (40, 11, 'BA001', '2022-2', 64, 'D0');
INSERT INTO ENROLLMENT VALUES (41, 12, 'MA001', '2024-1', 72, 'C0');
INSERT INTO ENROLLMENT VALUES (42, 12, 'CS006', '2023-1', 95, 'A+');
INSERT INTO ENROLLMENT VALUES (43, 12, 'IE001', '2023-2', 76, 'C+');
INSERT INTO ENROLLMENT VALUES (44, 12, 'IE001', '2022-1', 52, 'F');
INSERT INTO ENROLLMENT VALUES (45, 13, 'MA002', '2024-1', 73, 'C0');
INSERT INTO ENROLLMENT VALUES (46, 13, 'ST006', '2023-1', 65, 'D+');
INSERT INTO ENROLLMENT VALUES (47, 14, 'CE003', '2023-2', NULL, NULL);
INSERT INTO ENROLLMENT VALUES (48, 14, 'EE003', '2024-2', 75, 'C+');
INSERT INTO ENROLLMENT VALUES (49, 14, 'IE003', '2024-2', 74, 'C0');
INSERT INTO ENROLLMENT VALUES (50, 14, 'ST002', '2023-2', 67, 'D+');
INSERT INTO ENROLLMENT VALUES (51, 14, 'CE002', '2022-1', 81, 'B0');
INSERT INTO ENROLLMENT VALUES (52, 14, 'EE002', '2023-2', 79, 'C+');
INSERT INTO ENROLLMENT VALUES (53, 15, 'MA005', '2024-1', 87, 'B+');
INSERT INTO ENROLLMENT VALUES (54, 15, 'CS004', '2024-2', 74, 'C0');
INSERT INTO ENROLLMENT VALUES (55, 15, 'CS003', '2025-1', 66, 'D+');
INSERT INTO ENROLLMENT VALUES (56, 15, 'EE004', '2023-1', 74, 'C0');
INSERT INTO ENROLLMENT VALUES (57, 16, 'CS001', '2022-1', 91, 'A0');
INSERT INTO ENROLLMENT VALUES (58, 16, 'ST002', '2024-2', 67, 'D+');
INSERT INTO ENROLLMENT VALUES (59, 16, 'ST004', '2022-2', 74, 'C0');
INSERT INTO ENROLLMENT VALUES (60, 17, 'IE003', '2024-1', 58, 'F');
INSERT INTO ENROLLMENT VALUES (61, 17, 'CS006', '2022-1', 64, 'D0');
INSERT INTO ENROLLMENT VALUES (62, 17, 'EE004', '2023-1', 74, 'C0');
INSERT INTO ENROLLMENT VALUES (63, 17, 'EE005', '2025-1', 73, 'C0');
INSERT INTO ENROLLMENT VALUES (64, 18, 'ST003', '2024-1', 74, 'C0');
INSERT INTO ENROLLMENT VALUES (65, 18, 'MA006', '2022-2', 67, 'D+');
INSERT INTO ENROLLMENT VALUES (66, 19, 'EE006', '2024-1', 67, 'D+');
INSERT INTO ENROLLMENT VALUES (67, 19, 'BA001', '2022-1', 71, 'C0');
INSERT INTO ENROLLMENT VALUES (68, 19, 'BA005', '2025-1', 79, 'C+');
INSERT INTO ENROLLMENT VALUES (69, 19, 'MA001', '2022-1', 69, 'D+');
INSERT INTO ENROLLMENT VALUES (70, 19, 'CS005', '2023-1', NULL, NULL);
INSERT INTO ENROLLMENT VALUES (71, 20, 'IE001', '2023-2', 84, 'B0');
INSERT INTO ENROLLMENT VALUES (72, 20, 'CS001', '2024-2', 75, 'C+');
INSERT INTO ENROLLMENT VALUES (73, 20, 'EE001', '2022-2', 64, 'D0');
INSERT INTO ENROLLMENT VALUES (74, 21, 'IE002', '2023-2', 85, 'B+');
INSERT INTO ENROLLMENT VALUES (75, 21, 'MA004', '2023-1', 97, 'A+');
INSERT INTO ENROLLMENT VALUES (76, 21, 'MA006', '2024-2', 74, 'C0');
INSERT INTO ENROLLMENT VALUES (77, 21, 'MA005', '2025-1', 99, 'A+');
INSERT INTO ENROLLMENT VALUES (78, 22, 'EE003', '2022-1', 75, 'C+');
INSERT INTO ENROLLMENT VALUES (79, 22, 'BA006', '2024-2', 63, 'D0');
INSERT INTO ENROLLMENT VALUES (80, 22, 'IE001', '2024-1', 87, 'B+');
INSERT INTO ENROLLMENT VALUES (81, 22, 'CS001', '2024-2', 86, 'B+');
INSERT INTO ENROLLMENT VALUES (82, 22, 'CS003', '2025-1', 76, 'C+');
INSERT INTO ENROLLMENT VALUES (83, 23, 'CE003', '2023-2', 58, 'F');
INSERT INTO ENROLLMENT VALUES (84, 23, 'IE001', '2024-2', 98, 'A+');
INSERT INTO ENROLLMENT VALUES (85, 23, 'ST001', '2023-1', 91, 'A0');
INSERT INTO ENROLLMENT VALUES (86, 24, 'CS003', '2022-2', 57, 'F');
INSERT INTO ENROLLMENT VALUES (87, 24, 'MA002', '2025-1', 88, 'B+');
INSERT INTO ENROLLMENT VALUES (88, 24, 'ST005', '2022-1', 73, 'C0');
INSERT INTO ENROLLMENT VALUES (89, 24, 'BA004', '2022-2', 100, 'A+');
INSERT INTO ENROLLMENT VALUES (90, 24, 'CS002', '2022-2', 98, 'A+');
INSERT INTO ENROLLMENT VALUES (91, 24, 'ST001', '2025-1', 60, 'D0');
INSERT INTO ENROLLMENT VALUES (92, 25, 'EE003', '2024-1', 49, 'F');
INSERT INTO ENROLLMENT VALUES (93, 25, 'CS006', '2025-1', 93, 'A0');
INSERT INTO ENROLLMENT VALUES (94, 26, 'CS005', '2024-2', 66, 'D+');
INSERT INTO ENROLLMENT VALUES (95, 26, 'IE006', '2025-1', 75, 'C+');
INSERT INTO ENROLLMENT VALUES (96, 26, 'CS006', '2022-1', 80, 'B0');
INSERT INTO ENROLLMENT VALUES (97, 26, 'EE002', '2024-1', 90, 'A0');
INSERT INTO ENROLLMENT VALUES (98, 26, 'CS001', '2023-1', NULL, NULL);
INSERT INTO ENROLLMENT VALUES (99, 26, 'IE005', '2022-2', 70, 'C0');
INSERT INTO ENROLLMENT VALUES (100, 27, 'MA006', '2025-1', 58, 'F');
INSERT INTO ENROLLMENT VALUES (101, 27, 'BA003', '2022-1', 72, 'C0');
INSERT INTO ENROLLMENT VALUES (102, 27, 'ST006', '2023-1', 82, 'B0');
INSERT INTO ENROLLMENT VALUES (103, 27, 'ST006', '2022-2', 62, 'D0');
INSERT INTO ENROLLMENT VALUES (104, 28, 'CE003', '2023-1', 71, 'C0');
INSERT INTO ENROLLMENT VALUES (105, 28, 'CE001', '2023-2', 98, 'A+');
INSERT INTO ENROLLMENT VALUES (106, 29, 'MA001', '2024-2', 85, 'B+');
INSERT INTO ENROLLMENT VALUES (107, 29, 'BA002', '2025-1', 73, 'C0');
INSERT INTO ENROLLMENT VALUES (108, 29, 'CS004', '2025-1', 73, 'C0');
INSERT INTO ENROLLMENT VALUES (109, 29, 'EE005', '2022-1', 64, 'D0');
INSERT INTO ENROLLMENT VALUES (110, 29, 'ST004', '2024-2', 75, 'C+');
INSERT INTO ENROLLMENT VALUES (111, 30, 'MA001', '2023-1', 63, 'D0');
INSERT INTO ENROLLMENT VALUES (112, 30, 'IE006', '2023-2', 75, 'C+');
INSERT INTO ENROLLMENT VALUES (113, 30, 'CS004', '2025-1', 59, 'F');
INSERT INTO ENROLLMENT VALUES (114, 30, 'ST006', '2024-2', 62, 'D0');
INSERT INTO ENROLLMENT VALUES (115, 30, 'EE004', '2022-2', 79, 'C+');
INSERT INTO ENROLLMENT VALUES (116, 30, 'CS001', '2023-1', 59, 'F');
INSERT INTO ENROLLMENT VALUES (117, 31, 'ST001', '2023-2', 42, 'F');
INSERT INTO ENROLLMENT VALUES (118, 31, 'CS004', '2022-1', 76, 'C+');
INSERT INTO ENROLLMENT VALUES (119, 31, 'IE003', '2024-2', 78, 'C+');
INSERT INTO ENROLLMENT VALUES (120, 32, 'ST002', '2022-2', NULL, NULL);
INSERT INTO ENROLLMENT VALUES (121, 32, 'BA004', '2023-2', 68, 'D+');
INSERT INTO ENROLLMENT VALUES (122, 32, 'CS006', '2025-1', 65, 'D+');
INSERT INTO ENROLLMENT VALUES (123, 33, 'ST005', '2023-1', NULL, NULL);
INSERT INTO ENROLLMENT VALUES (124, 33, 'EE002', '2022-1', 77, 'C+');
INSERT INTO ENROLLMENT VALUES (125, 33, 'CE001', '2023-2', 90, 'A0');
INSERT INTO ENROLLMENT VALUES (126, 33, 'CE002', '2022-2', 73, 'C0');
INSERT INTO ENROLLMENT VALUES (127, 34, 'CS005', '2024-2', 80, 'B0');
INSERT INTO ENROLLMENT VALUES (128, 34, 'EE006', '2023-2', 57, 'F');
INSERT INTO ENROLLMENT VALUES (129, 34, 'IE004', '2023-2', NULL, NULL);
INSERT INTO ENROLLMENT VALUES (130, 34, 'CE002', '2024-1', 88, 'B+');
INSERT INTO ENROLLMENT VALUES (131, 35, 'EE002', '2022-2', 88, 'B+');
INSERT INTO ENROLLMENT VALUES (132, 35, 'MA003', '2022-1', NULL, NULL);
INSERT INTO ENROLLMENT VALUES (133, 35, 'CE001', '2022-2', 75, 'C+');
INSERT INTO ENROLLMENT VALUES (134, 36, 'BA005', '2025-1', 89, 'B+');
INSERT INTO ENROLLMENT VALUES (135, 36, 'MA006', '2024-1', 73, 'C0');
INSERT INTO ENROLLMENT VALUES (136, 36, 'BA004', '2023-1', NULL, NULL);
INSERT INTO ENROLLMENT VALUES (137, 36, 'IE004', '2025-1', 60, 'D0');
INSERT INTO ENROLLMENT VALUES (138, 36, 'MA003', '2024-1', 80, 'B0');
INSERT INTO ENROLLMENT VALUES (139, 36, 'CE003', '2024-1', 73, 'C0');
INSERT INTO ENROLLMENT VALUES (140, 37, 'BA001', '2022-2', 71, 'C0');
INSERT INTO ENROLLMENT VALUES (141, 37, 'EE003', '2024-1', 71, 'C0');
INSERT INTO ENROLLMENT VALUES (142, 38, 'CS005', '2024-1', 94, 'A0');
INSERT INTO ENROLLMENT VALUES (143, 38, 'EE005', '2023-2', 62, 'D0');
INSERT INTO ENROLLMENT VALUES (144, 38, 'EE004', '2024-1', 49, 'F');
INSERT INTO ENROLLMENT VALUES (145, 38, 'BA001', '2024-2', 65, 'D+');
INSERT INTO ENROLLMENT VALUES (146, 38, 'EE004', '2023-1', 67, 'D+');
INSERT INTO ENROLLMENT VALUES (147, 39, 'CS002', '2024-1', 79, 'C+');
INSERT INTO ENROLLMENT VALUES (148, 39, 'IE006', '2023-2', NULL, NULL);
INSERT INTO ENROLLMENT VALUES (149, 39, 'CS006', '2023-1', 79, 'C+');
INSERT INTO ENROLLMENT VALUES (150, 39, 'EE004', '2025-1', 86, 'B+');
INSERT INTO ENROLLMENT VALUES (151, 39, 'BA003', '2023-2', 75, 'C+');
INSERT INTO ENROLLMENT VALUES (152, 40, 'IE004', '2024-2', 84, 'B0');
INSERT INTO ENROLLMENT VALUES (153, 40, 'CE001', '2025-1', 81, 'B0');
INSERT INTO ENROLLMENT VALUES (154, 40, 'CE003', '2022-1', 66, 'D+');
INSERT INTO ENROLLMENT VALUES (155, 41, 'MA005', '2025-1', 93, 'A0');
INSERT INTO ENROLLMENT VALUES (156, 41, 'IE006', '2024-1', 68, 'D+');
INSERT INTO ENROLLMENT VALUES (157, 41, 'CS001', '2024-2', 75, 'C+');
INSERT INTO ENROLLMENT VALUES (158, 42, 'EE004', '2023-2', 93, 'A0');
INSERT INTO ENROLLMENT VALUES (159, 42, 'MA006', '2024-2', 81, 'B0');
INSERT INTO ENROLLMENT VALUES (160, 42, 'ST006', '2022-2', 79, 'C+');
INSERT INTO ENROLLMENT VALUES (161, 43, 'ST004', '2024-1', 61, 'D0');
INSERT INTO ENROLLMENT VALUES (162, 43, 'MA002', '2024-2', 66, 'D+');
INSERT INTO ENROLLMENT VALUES (163, 43, 'CS006', '2024-2', NULL, NULL);
INSERT INTO ENROLLMENT VALUES (164, 43, 'BA004', '2022-1', 80, 'B0');
INSERT INTO ENROLLMENT VALUES (165, 44, 'MA001', '2024-1', 87, 'B+');
INSERT INTO ENROLLMENT VALUES (166, 44, 'IE003', '2024-2', 72, 'C0');
INSERT INTO ENROLLMENT VALUES (167, 45, 'IE005', '2024-2', 55, 'F');
INSERT INTO ENROLLMENT VALUES (168, 45, 'CS001', '2024-2', 57, 'F');
INSERT INTO ENROLLMENT VALUES (169, 45, 'MA005', '2022-2', 73, 'C0');
INSERT INTO ENROLLMENT VALUES (170, 45, 'ST005', '2022-2', 71, 'C0');
INSERT INTO ENROLLMENT VALUES (171, 45, 'BA003', '2022-2', NULL, NULL);
INSERT INTO ENROLLMENT VALUES (172, 45, 'EE003', '2024-1', 64, 'D0');
INSERT INTO ENROLLMENT VALUES (173, 46, 'EE002', '2023-1', 80, 'B0');
INSERT INTO ENROLLMENT VALUES (174, 46, 'IE005', '2025-1', 71, 'C0');
INSERT INTO ENROLLMENT VALUES (175, 46, 'BA005', '2022-2', NULL, NULL);
INSERT INTO ENROLLMENT VALUES (176, 46, 'CE001', '2023-2', 88, 'B+');
INSERT INTO ENROLLMENT VALUES (177, 47, 'CS003', '2023-2', 76, 'C+');
INSERT INTO ENROLLMENT VALUES (178, 47, 'ST006', '2023-1', 75, 'C+');
INSERT INTO ENROLLMENT VALUES (179, 47, 'CS001', '2023-1', 73, 'C0');
INSERT INTO ENROLLMENT VALUES (180, 47, 'ST004', '2023-2', 75, 'C+');
INSERT INTO ENROLLMENT VALUES (181, 47, 'IE003', '2022-2', 95, 'A+');
INSERT INTO ENROLLMENT VALUES (182, 47, 'BA005', '2022-2', 75, 'C+');
INSERT INTO ENROLLMENT VALUES (183, 48, 'MA006', '2023-2', 77, 'C+');
INSERT INTO ENROLLMENT VALUES (184, 48, 'ST005', '2024-2', 69, 'D+');
INSERT INTO ENROLLMENT VALUES (185, 48, 'EE003', '2023-1', 59, 'F');
INSERT INTO ENROLLMENT VALUES (186, 48, 'BA001', '2022-1', 93, 'A0');
INSERT INTO ENROLLMENT VALUES (187, 49, 'ST002', '2023-2', 79, 'C+');
INSERT INTO ENROLLMENT VALUES (188, 49, 'IE001', '2024-2', 81, 'B0');
INSERT INTO ENROLLMENT VALUES (189, 49, 'ST003', '2023-2', 65, 'D+');
INSERT INTO ENROLLMENT VALUES (190, 50, 'IE003', '2024-2', 93, 'A0');
INSERT INTO ENROLLMENT VALUES (191, 50, 'EE003', '2022-1', 82, 'B0');
INSERT INTO ENROLLMENT VALUES (192, 50, 'CS001', '2025-1', 82, 'B0');
INSERT INTO ENROLLMENT VALUES (193, 50, 'MA004', '2023-2', 65, 'D+');
INSERT INTO ENROLLMENT VALUES (194, 50, 'IE002', '2022-1', 78, 'C+');
INSERT INTO ENROLLMENT VALUES (195, 51, 'EE004', '2024-2', 73, 'C0');
INSERT INTO ENROLLMENT VALUES (196, 51, 'BA005', '2024-2', 80, 'B0');
INSERT INTO ENROLLMENT VALUES (197, 51, 'BA001', '2023-2', 70, 'C0');
INSERT INTO ENROLLMENT VALUES (198, 51, 'EE006', '2022-2', 61, 'D0');
INSERT INTO ENROLLMENT VALUES (199, 51, 'BA003', '2022-1', 73, 'C0');
INSERT INTO ENROLLMENT VALUES (200, 51, 'EE004', '2023-2', NULL, NULL);
INSERT INTO ENROLLMENT VALUES (201, 52, 'CS006', '2025-1', NULL, NULL);
INSERT INTO ENROLLMENT VALUES (202, 52, 'ST003', '2024-1', 82, 'B0');
INSERT INTO ENROLLMENT VALUES (203, 52, 'BA003', '2023-1', 57, 'F');
INSERT INTO ENROLLMENT VALUES (204, 53, 'EE002', '2023-1', 73, 'C0');
INSERT INTO ENROLLMENT VALUES (205, 53, 'ST003', '2022-2', 75, 'C+');
INSERT INTO ENROLLMENT VALUES (206, 53, 'MA003', '2022-2', 75, 'C+');
INSERT INTO ENROLLMENT VALUES (207, 53, 'CE003', '2022-1', 85, 'B+');
INSERT INTO ENROLLMENT VALUES (208, 54, 'EE002', '2022-1', 71, 'C0');
INSERT INTO ENROLLMENT VALUES (209, 54, 'EE003', '2023-1', 74, 'C0');
INSERT INTO ENROLLMENT VALUES (210, 54, 'CE003', '2023-1', 59, 'F');
INSERT INTO ENROLLMENT VALUES (211, 54, 'BA002', '2024-1', 88, 'B+');
INSERT INTO ENROLLMENT VALUES (212, 55, 'CS003', '2024-1', 89, 'B+');
INSERT INTO ENROLLMENT VALUES (213, 55, 'BA001', '2024-2', 88, 'B+');
INSERT INTO ENROLLMENT VALUES (214, 56, 'MA002', '2024-2', 81, 'B0');
INSERT INTO ENROLLMENT VALUES (215, 56, 'IE005', '2024-2', 80, 'B0');
INSERT INTO ENROLLMENT VALUES (216, 56, 'BA005', '2025-1', 89, 'B+');
INSERT INTO ENROLLMENT VALUES (217, 56, 'MA006', '2023-2', 78, 'C+');
INSERT INTO ENROLLMENT VALUES (218, 57, 'IE004', '2024-1', 72, 'C0');
INSERT INTO ENROLLMENT VALUES (219, 57, 'CE003', '2023-1', 67, 'D+');
INSERT INTO ENROLLMENT VALUES (220, 57, 'CS004', '2025-1', 100, 'A+');
INSERT INTO ENROLLMENT VALUES (221, 57, 'ST002', '2023-2', 82, 'B0');
INSERT INTO ENROLLMENT VALUES (222, 57, 'IE003', '2023-2', 73, 'C0');
INSERT INTO ENROLLMENT VALUES (223, 58, 'CE003', '2023-1', 79, 'C+');
INSERT INTO ENROLLMENT VALUES (224, 58, 'CS001', '2025-1', 82, 'B0');
INSERT INTO ENROLLMENT VALUES (225, 58, 'IE004', '2023-1', 72, 'C0');
INSERT INTO ENROLLMENT VALUES (226, 58, 'EE002', '2022-2', 84, 'B0');
INSERT INTO ENROLLMENT VALUES (227, 58, 'BA004', '2023-1', NULL, NULL);
INSERT INTO ENROLLMENT VALUES (228, 59, 'BA006', '2022-2', 69, 'D+');
INSERT INTO ENROLLMENT VALUES (229, 59, 'BA002', '2024-1', 67, 'D+');
INSERT INTO ENROLLMENT VALUES (230, 59, 'CE003', '2023-1', 74, 'C0');
INSERT INTO ENROLLMENT VALUES (231, 60, 'MA001', '2023-1', 81, 'B0');
INSERT INTO ENROLLMENT VALUES (232, 60, 'MA005', '2022-2', 89, 'B+');
INSERT INTO ENROLLMENT VALUES (233, 60, 'IE005', '2024-2', 100, 'A+');
INSERT INTO ENROLLMENT VALUES (234, 60, 'ST001', '2024-2', 78, 'C+');
INSERT INTO ENROLLMENT VALUES (235, 60, 'MA003', '2023-1', 87, 'B+');
INSERT INTO ENROLLMENT VALUES (236, 60, 'EE004', '2023-2', 57, 'F');
INSERT INTO ENROLLMENT VALUES (237, 61, 'IE002', '2022-2', 94, 'A0');
INSERT INTO ENROLLMENT VALUES (238, 61, 'BA001', '2024-1', 73, 'C0');
INSERT INTO ENROLLMENT VALUES (239, 62, 'EE006', '2025-1', 73, 'C0');
INSERT INTO ENROLLMENT VALUES (240, 62, 'CS005', '2022-2', NULL, NULL);
INSERT INTO ENROLLMENT VALUES (241, 62, 'BA004', '2023-2', 86, 'B+');
INSERT INTO ENROLLMENT VALUES (242, 63, 'CE003', '2022-1', 83, 'B0');
INSERT INTO ENROLLMENT VALUES (243, 63, 'EE002', '2025-1', NULL, NULL);
INSERT INTO ENROLLMENT VALUES (244, 64, 'EE003', '2022-2', 85, 'B+');
INSERT INTO ENROLLMENT VALUES (245, 64, 'CS001', '2025-1', 88, 'B+');
INSERT INTO ENROLLMENT VALUES (246, 65, 'MA004', '2025-1', 87, 'B+');
INSERT INTO ENROLLMENT VALUES (247, 65, 'ST005', '2025-1', 90, 'A0');
INSERT INTO ENROLLMENT VALUES (248, 65, 'IE001', '2022-2', 68, 'D+');
INSERT INTO ENROLLMENT VALUES (249, 65, 'EE002', '2022-1', 59, 'F');
INSERT INTO ENROLLMENT VALUES (250, 65, 'IE005', '2023-1', 91, 'A0');
INSERT INTO ENROLLMENT VALUES (251, 65, 'CS002', '2022-2', 95, 'A+');
INSERT INTO ENROLLMENT VALUES (252, 66, 'MA001', '2022-2', 67, 'D+');
INSERT INTO ENROLLMENT VALUES (253, 66, 'EE002', '2023-2', 57, 'F');
INSERT INTO ENROLLMENT VALUES (254, 66, 'BA003', '2022-1', 64, 'D0');
INSERT INTO ENROLLMENT VALUES (255, 66, 'EE002', '2023-1', 87, 'B+');
INSERT INTO ENROLLMENT VALUES (256, 67, 'CE003', '2022-2', 71, 'C0');
INSERT INTO ENROLLMENT VALUES (257, 67, 'ST004', '2022-2', 81, 'B0');
INSERT INTO ENROLLMENT VALUES (258, 68, 'MA001', '2023-1', 90, 'A0');
INSERT INTO ENROLLMENT VALUES (259, 68, 'BA005', '2025-1', 66, 'D+');
INSERT INTO ENROLLMENT VALUES (260, 68, 'CS001', '2025-1', 76, 'C+');
INSERT INTO ENROLLMENT VALUES (261, 68, 'EE004', '2023-2', 68, 'D+');
INSERT INTO ENROLLMENT VALUES (262, 68, 'CS005', '2022-1', 81, 'B0');
INSERT INTO ENROLLMENT VALUES (263, 68, 'EE003', '2022-2', 83, 'B0');
INSERT INTO ENROLLMENT VALUES (264, 69, 'IE002', '2023-2', 61, 'D0');
INSERT INTO ENROLLMENT VALUES (265, 69, 'EE003', '2025-1', 64, 'D0');
INSERT INTO ENROLLMENT VALUES (266, 69, 'ST001', '2023-2', 60, 'D0');
INSERT INTO ENROLLMENT VALUES (267, 69, 'BA003', '2023-2', 71, 'C0');
INSERT INTO ENROLLMENT VALUES (268, 70, 'CE001', '2025-1', 72, 'C0');
INSERT INTO ENROLLMENT VALUES (269, 70, 'CS001', '2022-2', 66, 'D+');
INSERT INTO ENROLLMENT VALUES (270, 70, 'MA006', '2024-1', 78, 'C+');
INSERT INTO ENROLLMENT VALUES (271, 70, 'MA005', '2023-1', 72, 'C0');
INSERT INTO ENROLLMENT VALUES (272, 70, 'MA001', '2023-2', 100, 'A+');
INSERT INTO ENROLLMENT VALUES (273, 70, 'BA004', '2022-2', 70, 'C0');
INSERT INTO ENROLLMENT VALUES (274, 71, 'EE002', '2024-2', 73, 'C0');
INSERT INTO ENROLLMENT VALUES (275, 71, 'ST004', '2023-1', NULL, NULL);
INSERT INTO ENROLLMENT VALUES (276, 71, 'EE001', '2024-2', 56, 'F');
INSERT INTO ENROLLMENT VALUES (277, 72, 'EE005', '2022-1', 79, 'C+');
INSERT INTO ENROLLMENT VALUES (278, 72, 'CE001', '2025-1', 77, 'C+');
INSERT INTO ENROLLMENT VALUES (279, 72, 'EE006', '2023-2', 71, 'C0');
INSERT INTO ENROLLMENT VALUES (280, 72, 'ST003', '2024-2', 65, 'D+');
INSERT INTO ENROLLMENT VALUES (281, 72, 'MA001', '2022-1', 69, 'D+');
INSERT INTO ENROLLMENT VALUES (282, 73, 'ST004', '2024-2', 70, 'C0');
INSERT INTO ENROLLMENT VALUES (283, 73, 'IE006', '2024-2', 72, 'C0');
INSERT INTO ENROLLMENT VALUES (284, 73, 'EE005', '2023-1', 83, 'B0');
INSERT INTO ENROLLMENT VALUES (285, 73, 'ST001', '2022-2', 68, 'D+');
INSERT INTO ENROLLMENT VALUES (286, 73, 'EE006', '2025-1', 69, 'D+');
INSERT INTO ENROLLMENT VALUES (287, 74, 'IE001', '2023-1', 78, 'C+');
INSERT INTO ENROLLMENT VALUES (288, 74, 'MA006', '2024-2', 68, 'D+');
INSERT INTO ENROLLMENT VALUES (289, 74, 'EE001', '2022-1', NULL, NULL);
INSERT INTO ENROLLMENT VALUES (290, 74, 'CE003', '2025-1', 75, 'C+');
INSERT INTO ENROLLMENT VALUES (291, 75, 'CE003', '2022-1', 82, 'B0');
INSERT INTO ENROLLMENT VALUES (292, 75, 'BA001', '2024-1', 75, 'C+');
INSERT INTO ENROLLMENT VALUES (293, 75, 'CE001', '2024-1', NULL, NULL);
INSERT INTO ENROLLMENT VALUES (294, 76, 'CS003', '2022-1', 80, 'B0');
INSERT INTO ENROLLMENT VALUES (295, 76, 'CS001', '2023-1', 64, 'D0');
INSERT INTO ENROLLMENT VALUES (296, 76, 'ST002', '2024-2', 74, 'C0');
INSERT INTO ENROLLMENT VALUES (297, 76, 'EE001', '2023-1', 92, 'A0');
INSERT INTO ENROLLMENT VALUES (298, 76, 'EE004', '2022-1', 87, 'B+');
INSERT INTO ENROLLMENT VALUES (299, 77, 'CE002', '2025-1', 84, 'B0');
INSERT INTO ENROLLMENT VALUES (300, 77, 'CS006', '2024-2', 90, 'A0');
INSERT INTO ENROLLMENT VALUES (301, 77, 'BA002', '2025-1', 75, 'C+');
INSERT INTO ENROLLMENT VALUES (302, 77, 'IE003', '2024-1', 67, 'D+');
INSERT INTO ENROLLMENT VALUES (303, 77, 'MA004', '2023-2', 70, 'C0');
INSERT INTO ENROLLMENT VALUES (304, 78, 'CS003', '2024-2', 91, 'A0');
INSERT INTO ENROLLMENT VALUES (305, 78, 'BA004', '2022-2', 89, 'B+');
INSERT INTO ENROLLMENT VALUES (306, 78, 'IE002', '2022-1', 70, 'C0');
INSERT INTO ENROLLMENT VALUES (307, 78, 'MA002', '2024-1', 61, 'D0');
INSERT INTO ENROLLMENT VALUES (308, 78, 'EE005', '2023-1', 75, 'C+');
INSERT INTO ENROLLMENT VALUES (309, 79, 'MA006', '2023-1', 71, 'C0');
INSERT INTO ENROLLMENT VALUES (310, 79, 'IE001', '2023-1', 62, 'D0');
INSERT INTO ENROLLMENT VALUES (311, 79, 'EE003', '2022-1', 98, 'A+');
INSERT INTO ENROLLMENT VALUES (312, 79, 'ST002', '2023-2', 80, 'B0');
INSERT INTO ENROLLMENT VALUES (313, 79, 'ST005', '2023-1', 62, 'D0');
INSERT INTO ENROLLMENT VALUES (314, 79, 'IE003', '2023-2', 87, 'B+');
INSERT INTO ENROLLMENT VALUES (315, 80, 'CS004', '2024-2', 78, 'C+');
INSERT INTO ENROLLMENT VALUES (316, 80, 'ST001', '2022-2', 79, 'C+');
INSERT INTO ENROLLMENT VALUES (317, 80, 'BA003', '2023-2', 67, 'D+');
INSERT INTO ENROLLMENT VALUES (318, 80, 'IE005', '2025-1', 85, 'B+');
INSERT INTO ENROLLMENT VALUES (319, 80, 'EE006', '2024-2', 75, 'C+');
INSERT INTO ENROLLMENT VALUES (320, 80, 'MA004', '2022-1', 67, 'D+');
INSERT INTO ENROLLMENT VALUES (321, 81, 'IE001', '2022-1', 46, 'F');
INSERT INTO ENROLLMENT VALUES (322, 81, 'EE004', '2024-2', 66, 'D+');
INSERT INTO ENROLLMENT VALUES (323, 81, 'CE003', '2025-1', 83, 'B0');
INSERT INTO ENROLLMENT VALUES (324, 82, 'CS004', '2022-2', 42, 'F');
INSERT INTO ENROLLMENT VALUES (325, 82, 'BA006', '2023-1', 81, 'B0');
INSERT INTO ENROLLMENT VALUES (326, 82, 'CS006', '2023-1', 82, 'B0');
INSERT INTO ENROLLMENT VALUES (327, 83, 'IE004', '2022-2', 76, 'C+');
INSERT INTO ENROLLMENT VALUES (328, 83, 'ST004', '2023-1', 78, 'C+');
INSERT INTO ENROLLMENT VALUES (329, 83, 'EE005', '2022-2', 60, 'D0');
INSERT INTO ENROLLMENT VALUES (330, 83, 'EE005', '2024-2', 76, 'C+');
INSERT INTO ENROLLMENT VALUES (331, 83, 'CS001', '2024-1', 90, 'A0');
INSERT INTO ENROLLMENT VALUES (332, 84, 'EE004', '2023-1', 83, 'B0');
INSERT INTO ENROLLMENT VALUES (333, 84, 'CS001', '2022-2', 64, 'D0');
INSERT INTO ENROLLMENT VALUES (334, 84, 'ST003', '2023-1', 75, 'C+');
INSERT INTO ENROLLMENT VALUES (335, 84, 'ST005', '2025-1', 64, 'D0');
INSERT INTO ENROLLMENT VALUES (336, 84, 'CS003', '2022-2', 62, 'D0');
INSERT INTO ENROLLMENT VALUES (337, 84, 'ST003', '2024-2', 68, 'D+');
INSERT INTO ENROLLMENT VALUES (338, 85, 'BA001', '2024-2', 70, 'C0');
INSERT INTO ENROLLMENT VALUES (339, 85, 'MA006', '2025-1', 86, 'B+');
INSERT INTO ENROLLMENT VALUES (340, 85, 'EE002', '2024-2', 66, 'D+');
INSERT INTO ENROLLMENT VALUES (341, 86, 'ST003', '2023-1', 46, 'F');
INSERT INTO ENROLLMENT VALUES (342, 86, 'MA004', '2022-1', 89, 'B+');
INSERT INTO ENROLLMENT VALUES (343, 86, 'ST004', '2023-1', 63, 'D0');
INSERT INTO ENROLLMENT VALUES (344, 86, 'ST004', '2024-2', 71, 'C0');
INSERT INTO ENROLLMENT VALUES (345, 86, 'CS006', '2025-1', 65, 'D+');
INSERT INTO ENROLLMENT VALUES (346, 87, 'EE001', '2023-2', 61, 'D0');
INSERT INTO ENROLLMENT VALUES (347, 87, 'EE001', '2024-2', 63, 'D0');
INSERT INTO ENROLLMENT VALUES (348, 87, 'BA002', '2022-2', 54, 'F');
INSERT INTO ENROLLMENT VALUES (349, 87, 'ST001', '2022-1', 85, 'B+');
INSERT INTO ENROLLMENT VALUES (350, 87, 'ST006', '2023-2', 71, 'C0');
INSERT INTO ENROLLMENT VALUES (351, 88, 'MA006', '2025-1', 73, 'C0');
INSERT INTO ENROLLMENT VALUES (352, 88, 'MA002', '2025-1', 92, 'A0');
INSERT INTO ENROLLMENT VALUES (353, 89, 'CS001', '2023-2', NULL, NULL);
INSERT INTO ENROLLMENT VALUES (354, 89, 'CS002', '2022-2', 81, 'B0');
INSERT INTO ENROLLMENT VALUES (355, 89, 'MA004', '2022-2', 60, 'D0');
INSERT INTO ENROLLMENT VALUES (356, 90, 'IE006', '2023-2', 85, 'B+');
INSERT INTO ENROLLMENT VALUES (357, 90, 'CE001', '2023-2', 56, 'F');
INSERT INTO ENROLLMENT VALUES (358, 90, 'EE006', '2023-2', 79, 'C+');
INSERT INTO ENROLLMENT VALUES (359, 91, 'IE003', '2022-1', 82, 'B0');
INSERT INTO ENROLLMENT VALUES (360, 91, 'BA005', '2025-1', 76, 'C+');
INSERT INTO ENROLLMENT VALUES (361, 91, 'ST004', '2022-1', 80, 'B0');
INSERT INTO ENROLLMENT VALUES (362, 92, 'CE004', '2024-2', 72, 'C0');
INSERT INTO ENROLLMENT VALUES (363, 92, 'EE003', '2023-2', 73, 'C0');
INSERT INTO ENROLLMENT VALUES (364, 93, 'BA004', '2024-2', 82, 'B0');
INSERT INTO ENROLLMENT VALUES (365, 93, 'ST001', '2025-1', 96, 'A+');
INSERT INTO ENROLLMENT VALUES (366, 93, 'BA006', '2022-1', 64, 'D0');
INSERT INTO ENROLLMENT VALUES (367, 94, 'EE002', '2023-2', 62, 'D0');
INSERT INTO ENROLLMENT VALUES (368, 94, 'EE001', '2022-2', 86, 'B+');
INSERT INTO ENROLLMENT VALUES (369, 95, 'BA002', '2023-2', 82, 'B0');
INSERT INTO ENROLLMENT VALUES (370, 95, 'ST003', '2022-1', 78, 'C+');
INSERT INTO ENROLLMENT VALUES (371, 95, 'MA003', '2024-2', 87, 'B+');
INSERT INTO ENROLLMENT VALUES (372, 95, 'EE006', '2023-1', NULL, NULL);
INSERT INTO ENROLLMENT VALUES (373, 96, 'CE001', '2024-2', 83, 'B0');
INSERT INTO ENROLLMENT VALUES (374, 96, 'MA005', '2023-2', 82, 'B0');
INSERT INTO ENROLLMENT VALUES (375, 96, 'CS001', '2022-2', 82, 'B0');
INSERT INTO ENROLLMENT VALUES (376, 97, 'IE005', '2022-1', 71, 'C0');
INSERT INTO ENROLLMENT VALUES (377, 97, 'BA002', '2025-1', 81, 'B0');
INSERT INTO ENROLLMENT VALUES (378, 98, 'EE003', '2023-1', 76, 'C+');
INSERT INTO ENROLLMENT VALUES (379, 98, 'CS006', '2023-1', 53, 'F');
INSERT INTO ENROLLMENT VALUES (380, 99, 'IE003', '2023-2', 79, 'C+');
INSERT INTO ENROLLMENT VALUES (381, 99, 'EE006', '2022-2', 80, 'B0');
INSERT INTO ENROLLMENT VALUES (382, 99, 'CE002', '2023-1', 73, 'C0');
INSERT INTO ENROLLMENT VALUES (383, 99, 'IE002', '2023-2', 67, 'D+');
INSERT INTO ENROLLMENT VALUES (384, 99, 'MA003', '2024-1', 69, 'D+');
INSERT INTO ENROLLMENT VALUES (385, 100, 'BA001', '2024-1', 51, 'F');
INSERT INTO ENROLLMENT VALUES (386, 100, 'IE003', '2023-1', 82, 'B0');
INSERT INTO ENROLLMENT VALUES (387, 100, 'CE003', '2025-1', 73, 'C0');
INSERT INTO ENROLLMENT VALUES (388, 100, 'EE006', '2025-1', 77, 'C+');
INSERT INTO ENROLLMENT VALUES (389, 100, 'MA005', '2022-2', NULL, NULL);
INSERT INTO ENROLLMENT VALUES (390, 101, 'MA006', '2022-2', 93, 'A0');
INSERT INTO ENROLLMENT VALUES (391, 101, 'MA004', '2022-2', 76, 'C+');
INSERT INTO ENROLLMENT VALUES (392, 101, 'BA003', '2024-1', NULL, NULL);
INSERT INTO ENROLLMENT VALUES (393, 101, 'MA001', '2024-1', 82, 'B0');
INSERT INTO ENROLLMENT VALUES (394, 102, 'CS005', '2024-1', 80, 'B0');
INSERT INTO ENROLLMENT VALUES (395, 102, 'ST004', '2023-1', 82, 'B0');
INSERT INTO ENROLLMENT VALUES (396, 102, 'IE002', '2022-1', 95, 'A+');
INSERT INTO ENROLLMENT VALUES (397, 102, 'EE002', '2022-1', 67, 'D+');
INSERT INTO ENROLLMENT VALUES (398, 102, 'CS002', '2023-1', NULL, NULL);
INSERT INTO ENROLLMENT VALUES (399, 102, 'CE001', '2022-1', 70, 'C0');
INSERT INTO ENROLLMENT VALUES (400, 103, 'ST002', '2022-1', 91, 'A0');
INSERT INTO ENROLLMENT VALUES (401, 103, 'CS005', '2023-2', 79, 'C+');
INSERT INTO ENROLLMENT VALUES (402, 103, 'MA002', '2023-1', 62, 'D0');
INSERT INTO ENROLLMENT VALUES (403, 104, 'IE002', '2024-1', NULL, NULL);
INSERT INTO ENROLLMENT VALUES (404, 104, 'MA002', '2024-2', 83, 'B0');
INSERT INTO ENROLLMENT VALUES (405, 104, 'EE002', '2025-1', 78, 'C+');
INSERT INTO ENROLLMENT VALUES (406, 104, 'CS001', '2022-2', 75, 'C+');
INSERT INTO ENROLLMENT VALUES (407, 105, 'BA003', '2022-2', 81, 'B0');
INSERT INTO ENROLLMENT VALUES (408, 105, 'CS001', '2024-2', 61, 'D0');
INSERT INTO ENROLLMENT VALUES (409, 105, 'CS003', '2022-1', NULL, NULL);
INSERT INTO ENROLLMENT VALUES (410, 105, 'MA002', '2022-1', 74, 'C0');
INSERT INTO ENROLLMENT VALUES (411, 105, 'EE003', '2024-1', 82, 'B0');
INSERT INTO ENROLLMENT VALUES (412, 106, 'EE004', '2025-1', 63, 'D0');
INSERT INTO ENROLLMENT VALUES (413, 106, 'IE004', '2024-1', 61, 'D0');
INSERT INTO ENROLLMENT VALUES (414, 106, 'IE002', '2023-1', 76, 'C+');
INSERT INTO ENROLLMENT VALUES (415, 106, 'MA001', '2024-2', 84, 'B0');
INSERT INTO ENROLLMENT VALUES (416, 107, 'CS005', '2022-1', 79, 'C+');
INSERT INTO ENROLLMENT VALUES (417, 107, 'ST006', '2025-1', 92, 'A0');
INSERT INTO ENROLLMENT VALUES (418, 107, 'EE001', '2023-1', 64, 'D0');
INSERT INTO ENROLLMENT VALUES (419, 108, 'ST006', '2024-2', 74, 'C0');
INSERT INTO ENROLLMENT VALUES (420, 108, 'EE001', '2022-2', 65, 'D+');
INSERT INTO ENROLLMENT VALUES (421, 108, 'CE004', '2024-1', 83, 'B0');
INSERT INTO ENROLLMENT VALUES (422, 108, 'BA001', '2022-1', 63, 'D0');
INSERT INTO ENROLLMENT VALUES (423, 109, 'EE001', '2022-2', 47, 'F');
INSERT INTO ENROLLMENT VALUES (424, 109, 'EE002', '2022-2', NULL, NULL);
INSERT INTO ENROLLMENT VALUES (425, 109, 'ST006', '2022-2', 68, 'D+');
INSERT INTO ENROLLMENT VALUES (426, 109, 'BA005', '2022-1', 63, 'D0');
INSERT INTO ENROLLMENT VALUES (427, 109, 'MA005', '2023-2', 60, 'D0');
INSERT INTO ENROLLMENT VALUES (428, 109, 'CS004', '2023-2', 74, 'C0');
INSERT INTO ENROLLMENT VALUES (429, 110, 'ST001', '2024-2', 71, 'C0');
INSERT INTO ENROLLMENT VALUES (430, 110, 'CE003', '2023-1', 86, 'B+');
INSERT INTO ENROLLMENT VALUES (431, 111, 'ST004', '2022-1', 83, 'B0');
INSERT INTO ENROLLMENT VALUES (432, 111, 'CS004', '2022-1', 72, 'C0');
INSERT INTO ENROLLMENT VALUES (433, 111, 'CS005', '2024-1', 88, 'B+');
INSERT INTO ENROLLMENT VALUES (434, 111, 'ST002', '2023-2', 62, 'D0');
INSERT INTO ENROLLMENT VALUES (435, 111, 'BA006', '2023-2', 69, 'D+');
INSERT INTO ENROLLMENT VALUES (436, 111, 'CE003', '2023-1', 83, 'B0');
INSERT INTO ENROLLMENT VALUES (437, 112, 'IE003', '2024-2', 86, 'B+');
INSERT INTO ENROLLMENT VALUES (438, 112, 'EE005', '2023-1', 60, 'D0');
INSERT INTO ENROLLMENT VALUES (439, 112, 'EE006', '2023-1', 92, 'A0');
INSERT INTO ENROLLMENT VALUES (440, 113, 'MA004', '2022-1', 70, 'C0');
INSERT INTO ENROLLMENT VALUES (441, 113, 'CS005', '2022-2', 48, 'F');
INSERT INTO ENROLLMENT VALUES (442, 113, 'CE002', '2022-1', 57, 'F');
INSERT INTO ENROLLMENT VALUES (443, 113, 'IE001', '2022-1', NULL, NULL);
INSERT INTO ENROLLMENT VALUES (444, 113, 'CS002', '2024-1', 82, 'B0');
INSERT INTO ENROLLMENT VALUES (445, 114, 'EE004', '2025-1', 62, 'D0');
INSERT INTO ENROLLMENT VALUES (446, 114, 'MA004', '2023-2', 84, 'B0');
INSERT INTO ENROLLMENT VALUES (447, 114, 'IE002', '2023-1', 74, 'C0');
INSERT INTO ENROLLMENT VALUES (448, 115, 'MA002', '2024-2', 78, 'C+');
INSERT INTO ENROLLMENT VALUES (449, 115, 'CE003', '2023-2', 51, 'F');
INSERT INTO ENROLLMENT VALUES (450, 115, 'CS002', '2022-2', 71, 'C0');
INSERT INTO ENROLLMENT VALUES (451, 115, 'IE002', '2022-1', 69, 'D+');
INSERT INTO ENROLLMENT VALUES (452, 116, 'BA002', '2024-2', 54, 'F');
INSERT INTO ENROLLMENT VALUES (453, 116, 'IE005', '2023-2', 51, 'F');
INSERT INTO ENROLLMENT VALUES (454, 116, 'EE006', '2023-1', 84, 'B0');
INSERT INTO ENROLLMENT VALUES (455, 116, 'ST003', '2023-1', 67, 'D+');
INSERT INTO ENROLLMENT VALUES (456, 117, 'IE004', '2024-2', 62, 'D0');
INSERT INTO ENROLLMENT VALUES (457, 117, 'MA005', '2023-1', 80, 'B0');
INSERT INTO ENROLLMENT VALUES (458, 117, 'IE002', '2024-2', 65, 'D+');
INSERT INTO ENROLLMENT VALUES (459, 117, 'IE006', '2024-2', 73, 'C0');
INSERT INTO ENROLLMENT VALUES (460, 117, 'MA001', '2022-1', 66, 'D+');
INSERT INTO ENROLLMENT VALUES (461, 117, 'CE002', '2022-1', NULL, NULL);
INSERT INTO ENROLLMENT VALUES (462, 118, 'CS001', '2023-2', 77, 'C+');
INSERT INTO ENROLLMENT VALUES (463, 118, 'CS004', '2023-1', 78, 'C+');
INSERT INTO ENROLLMENT VALUES (464, 118, 'IE006', '2022-2', 61, 'D0');
INSERT INTO ENROLLMENT VALUES (465, 118, 'EE004', '2024-2', 74, 'C0');
INSERT INTO ENROLLMENT VALUES (466, 119, 'BA004', '2025-1', 77, 'C+');
INSERT INTO ENROLLMENT VALUES (467, 119, 'ST004', '2023-2', 96, 'A+');
INSERT INTO ENROLLMENT VALUES (468, 119, 'CE003', '2023-1', 58, 'F');
INSERT INTO ENROLLMENT VALUES (469, 119, 'MA003', '2025-1', 74, 'C0');
INSERT INTO ENROLLMENT VALUES (470, 120, 'MA002', '2023-1', 87, 'B+');
INSERT INTO ENROLLMENT VALUES (471, 120, 'IE005', '2022-2', 87, 'B+');
INSERT INTO ENROLLMENT VALUES (472, 120, 'MA003', '2024-1', 83, 'B0');
INSERT INTO ENROLLMENT VALUES (473, 121, 'MA005', '2023-2', 49, 'F');
INSERT INTO ENROLLMENT VALUES (474, 121, 'CS002', '2025-1', 81, 'B0');
INSERT INTO ENROLLMENT VALUES (475, 121, 'CE004', '2023-1', 63, 'D0');
INSERT INTO ENROLLMENT VALUES (476, 121, 'CE001', '2023-1', NULL, NULL);
INSERT INTO ENROLLMENT VALUES (477, 121, 'ST002', '2022-2', 86, 'B+');
INSERT INTO ENROLLMENT VALUES (478, 122, 'IE004', '2023-2', 96, 'A+');
INSERT INTO ENROLLMENT VALUES (479, 122, 'EE001', '2023-1', 82, 'B0');
INSERT INTO ENROLLMENT VALUES (480, 122, 'CE001', '2023-2', 86, 'B+');
INSERT INTO ENROLLMENT VALUES (481, 122, 'IE003', '2024-2', 85, 'B+');
INSERT INTO ENROLLMENT VALUES (482, 122, 'IE004', '2022-2', 91, 'A0');
INSERT INTO ENROLLMENT VALUES (483, 123, 'MA002', '2024-2', 94, 'A0');
INSERT INTO ENROLLMENT VALUES (484, 123, 'IE002', '2024-1', 81, 'B0');
INSERT INTO ENROLLMENT VALUES (485, 123, 'EE002', '2024-1', 77, 'C+');
INSERT INTO ENROLLMENT VALUES (486, 124, 'IE001', '2022-1', 53, 'F');
INSERT INTO ENROLLMENT VALUES (487, 124, 'MA002', '2023-2', 92, 'A0');
INSERT INTO ENROLLMENT VALUES (488, 125, 'IE005', '2023-1', 85, 'B+');
INSERT INTO ENROLLMENT VALUES (489, 125, 'ST004', '2022-2', 62, 'D0');
INSERT INTO ENROLLMENT VALUES (490, 125, 'EE004', '2025-1', 84, 'B0');
INSERT INTO ENROLLMENT VALUES (491, 126, 'BA001', '2023-2', 92, 'A0');
INSERT INTO ENROLLMENT VALUES (492, 126, 'EE001', '2024-1', 60, 'D0');
INSERT INTO ENROLLMENT VALUES (493, 126, 'EE001', '2023-2', 86, 'B+');
INSERT INTO ENROLLMENT VALUES (494, 126, 'EE004', '2022-1', 73, 'C0');
INSERT INTO ENROLLMENT VALUES (495, 126, 'MA002', '2022-1', 74, 'C0');
INSERT INTO ENROLLMENT VALUES (496, 126, 'CS003', '2023-1', 84, 'B0');
INSERT INTO ENROLLMENT VALUES (497, 127, 'EE005', '2023-1', 66, 'D+');
INSERT INTO ENROLLMENT VALUES (498, 127, 'BA002', '2023-1', 71, 'C0');
INSERT INTO ENROLLMENT VALUES (499, 128, 'MA005', '2024-2', 77, 'C+');
INSERT INTO ENROLLMENT VALUES (500, 128, 'ST006', '2024-2', 71, 'C0');
INSERT INTO ENROLLMENT VALUES (501, 128, 'MA002', '2023-2', NULL, NULL);
INSERT INTO ENROLLMENT VALUES (502, 129, 'ST001', '2023-2', 95, 'A+');
INSERT INTO ENROLLMENT VALUES (503, 129, 'CE001', '2024-2', 73, 'C0');
INSERT INTO ENROLLMENT VALUES (504, 129, 'CE002', '2024-1', 93, 'A0');
INSERT INTO ENROLLMENT VALUES (505, 129, 'CS005', '2022-1', NULL, NULL);
INSERT INTO ENROLLMENT VALUES (506, 129, 'EE005', '2022-2', 56, 'F');
INSERT INTO ENROLLMENT VALUES (507, 130, 'BA003', '2025-1', 75, 'C+');
INSERT INTO ENROLLMENT VALUES (508, 130, 'EE001', '2022-2', 75, 'C+');
INSERT INTO ENROLLMENT VALUES (509, 130, 'CS005', '2022-1', 62, 'D0');
INSERT INTO ENROLLMENT VALUES (510, 130, 'CS003', '2025-1', 76, 'C+');
INSERT INTO ENROLLMENT VALUES (511, 131, 'EE006', '2023-1', 58, 'F');
INSERT INTO ENROLLMENT VALUES (512, 131, 'ST001', '2022-2', 79, 'C+');
INSERT INTO ENROLLMENT VALUES (513, 132, 'BA003', '2022-2', 88, 'B+');
INSERT INTO ENROLLMENT VALUES (514, 132, 'IE004', '2025-1', 60, 'D0');
INSERT INTO ENROLLMENT VALUES (515, 132, 'EE001', '2022-2', NULL, NULL);
INSERT INTO ENROLLMENT VALUES (516, 132, 'EE003', '2022-1', 66, 'D+');
INSERT INTO ENROLLMENT VALUES (517, 133, 'IE005', '2025-1', NULL, NULL);
INSERT INTO ENROLLMENT VALUES (518, 133, 'EE006', '2024-2', 52, 'F');
INSERT INTO ENROLLMENT VALUES (519, 133, 'CE001', '2025-1', 75, 'C+');
INSERT INTO ENROLLMENT VALUES (520, 133, 'MA005', '2024-1', 79, 'C+');
INSERT INTO ENROLLMENT VALUES (521, 133, 'ST001', '2025-1', NULL, NULL);
INSERT INTO ENROLLMENT VALUES (522, 133, 'CS006', '2022-2', 62, 'D0');
INSERT INTO ENROLLMENT VALUES (523, 134, 'EE002', '2023-2', 70, 'C0');
INSERT INTO ENROLLMENT VALUES (524, 134, 'MA001', '2025-1', 82, 'B0');
INSERT INTO ENROLLMENT VALUES (525, 135, 'EE005', '2023-1', NULL, NULL);
INSERT INTO ENROLLMENT VALUES (526, 135, 'CE001', '2022-2', 68, 'D+');
INSERT INTO ENROLLMENT VALUES (527, 136, 'EE002', '2024-1', 90, 'A0');
INSERT INTO ENROLLMENT VALUES (528, 136, 'CS002', '2022-1', 82, 'B0');
INSERT INTO ENROLLMENT VALUES (529, 136, 'CS004', '2022-2', 98, 'A+');
INSERT INTO ENROLLMENT VALUES (530, 136, 'IE002', '2022-1', 72, 'C0');
INSERT INTO ENROLLMENT VALUES (531, 136, 'ST003', '2024-1', 78, 'C+');
INSERT INTO ENROLLMENT VALUES (532, 137, 'IE001', '2022-2', 86, 'B+');
INSERT INTO ENROLLMENT VALUES (533, 137, 'BA003', '2024-2', 83, 'B0');
INSERT INTO ENROLLMENT VALUES (534, 137, 'MA002', '2025-1', 79, 'C+');
INSERT INTO ENROLLMENT VALUES (535, 137, 'BA001', '2024-1', 75, 'C+');
INSERT INTO ENROLLMENT VALUES (536, 137, 'CS002', '2024-1', 76, 'C+');
INSERT INTO ENROLLMENT VALUES (537, 137, 'ST004', '2024-2', 56, 'F');
INSERT INTO ENROLLMENT VALUES (538, 138, 'ST005', '2022-1', 68, 'D+');
INSERT INTO ENROLLMENT VALUES (539, 138, 'CS004', '2022-2', 83, 'B0');
INSERT INTO ENROLLMENT VALUES (540, 139, 'ST003', '2024-2', 41, 'F');
INSERT INTO ENROLLMENT VALUES (541, 139, 'CS001', '2025-1', 59, 'F');
INSERT INTO ENROLLMENT VALUES (542, 139, 'CS005', '2022-1', 72, 'C0');
INSERT INTO ENROLLMENT VALUES (543, 140, 'BA004', '2023-1', 85, 'B+');
INSERT INTO ENROLLMENT VALUES (544, 140, 'IE001', '2024-2', 100, 'A+');
INSERT INTO ENROLLMENT VALUES (545, 140, 'BA002', '2023-2', 88, 'B+');
INSERT INTO ENROLLMENT VALUES (546, 140, 'BA003', '2023-2', 76, 'C+');
INSERT INTO ENROLLMENT VALUES (547, 140, 'BA004', '2024-1', 65, 'D+');
INSERT INTO ENROLLMENT VALUES (548, 140, 'IE005', '2024-1', 90, 'A0');
INSERT INTO ENROLLMENT VALUES (549, 141, 'IE002', '2023-1', NULL, NULL);
INSERT INTO ENROLLMENT VALUES (550, 141, 'EE003', '2025-1', 64, 'D0');
INSERT INTO ENROLLMENT VALUES (551, 141, 'MA002', '2024-2', 59, 'F');
INSERT INTO ENROLLMENT VALUES (552, 141, 'EE004', '2022-1', 90, 'A0');
INSERT INTO ENROLLMENT VALUES (553, 141, 'ST006', '2022-1', NULL, NULL);
INSERT INTO ENROLLMENT VALUES (554, 141, 'CS003', '2023-1', 65, 'D+');
INSERT INTO ENROLLMENT VALUES (555, 142, 'BA006', '2025-1', 100, 'A+');
INSERT INTO ENROLLMENT VALUES (556, 142, 'CS002', '2025-1', 82, 'B0');
INSERT INTO ENROLLMENT VALUES (557, 143, 'ST004', '2024-1', NULL, NULL);
INSERT INTO ENROLLMENT VALUES (558, 143, 'MA002', '2022-1', 77, 'C+');
INSERT INTO ENROLLMENT VALUES (559, 143, 'CS002', '2024-1', 98, 'A+');
INSERT INTO ENROLLMENT VALUES (560, 144, 'BA002', '2025-1', NULL, NULL);
INSERT INTO ENROLLMENT VALUES (561, 144, 'CE004', '2023-2', 62, 'D0');
INSERT INTO ENROLLMENT VALUES (562, 144, 'EE001', '2024-1', 92, 'A0');
INSERT INTO ENROLLMENT VALUES (563, 144, 'ST006', '2023-2', 53, 'F');
INSERT INTO ENROLLMENT VALUES (564, 144, 'BA005', '2022-2', 74, 'C0');
INSERT INTO ENROLLMENT VALUES (565, 144, 'EE003', '2022-1', 47, 'F');
INSERT INTO ENROLLMENT VALUES (566, 145, 'BA004', '2025-1', 71, 'C0');
INSERT INTO ENROLLMENT VALUES (567, 145, 'BA006', '2023-1', 73, 'C0');
INSERT INTO ENROLLMENT VALUES (568, 146, 'CS001', '2022-1', 86, 'B+');
INSERT INTO ENROLLMENT VALUES (569, 146, 'ST005', '2023-2', NULL, NULL);
INSERT INTO ENROLLMENT VALUES (570, 146, 'CS001', '2023-2', NULL, NULL);
INSERT INTO ENROLLMENT VALUES (571, 146, 'MA005', '2023-2', 55, 'F');
INSERT INTO ENROLLMENT VALUES (572, 146, 'ST003', '2022-1', 72, 'C0');
INSERT INTO ENROLLMENT VALUES (573, 146, 'MA003', '2022-1', 91, 'A0');
INSERT INTO ENROLLMENT VALUES (574, 147, 'BA005', '2025-1', 70, 'C0');
INSERT INTO ENROLLMENT VALUES (575, 147, 'CE004', '2024-2', NULL, NULL);
INSERT INTO ENROLLMENT VALUES (576, 147, 'EE002', '2024-2', NULL, NULL);
INSERT INTO ENROLLMENT VALUES (577, 147, 'IE003', '2025-1', 70, 'C0');
INSERT INTO ENROLLMENT VALUES (578, 148, 'IE006', '2024-2', 77, 'C+');
INSERT INTO ENROLLMENT VALUES (579, 148, 'MA005', '2024-1', 74, 'C0');
INSERT INTO ENROLLMENT VALUES (580, 149, 'EE001', '2022-1', 66, 'D+');
INSERT INTO ENROLLMENT VALUES (581, 149, 'MA003', '2024-1', 74, 'C0');
INSERT INTO ENROLLMENT VALUES (582, 149, 'CS005', '2024-2', 81, 'B0');
INSERT INTO ENROLLMENT VALUES (583, 149, 'MA006', '2023-1', 83, 'B0');
INSERT INTO ENROLLMENT VALUES (584, 150, 'MA001', '2024-1', NULL, NULL);
INSERT INTO ENROLLMENT VALUES (585, 150, 'MA006', '2022-1', 77, 'C+');
INSERT INTO ENROLLMENT VALUES (586, 150, 'CE003', '2022-2', 73, 'C0');
INSERT INTO ENROLLMENT VALUES (587, 150, 'IE003', '2025-1', 85, 'B+');
INSERT INTO ENROLLMENT VALUES (588, 150, 'CE002', '2022-1', 70, 'C0');
INSERT INTO ENROLLMENT VALUES (589, 151, 'CS006', '2022-1', 36, 'F');
INSERT INTO ENROLLMENT VALUES (590, 151, 'IE006', '2024-2', 58, 'F');
INSERT INTO ENROLLMENT VALUES (591, 151, 'IE004', '2025-1', NULL, NULL);
INSERT INTO ENROLLMENT VALUES (592, 151, 'IE001', '2024-2', 71, 'C0');
INSERT INTO ENROLLMENT VALUES (593, 151, 'CE001', '2023-1', 82, 'B0');
INSERT INTO ENROLLMENT VALUES (594, 152, 'MA006', '2022-2', 70, 'C0');
INSERT INTO ENROLLMENT VALUES (595, 152, 'ST003', '2023-1', NULL, NULL);
INSERT INTO ENROLLMENT VALUES (596, 152, 'IE006', '2024-1', NULL, NULL);
INSERT INTO ENROLLMENT VALUES (597, 153, 'IE001', '2024-1', 62, 'D0');
INSERT INTO ENROLLMENT VALUES (598, 153, 'BA003', '2024-1', 83, 'B0');
INSERT INTO ENROLLMENT VALUES (599, 153, 'ST003', '2024-2', 70, 'C0');
INSERT INTO ENROLLMENT VALUES (600, 153, 'CE003', '2023-1', 73, 'C0');
INSERT INTO ENROLLMENT VALUES (601, 154, 'IE003', '2022-2', 79, 'C+');
INSERT INTO ENROLLMENT VALUES (602, 154, 'EE006', '2023-2', NULL, NULL);
INSERT INTO ENROLLMENT VALUES (603, 154, 'EE002', '2023-2', 71, 'C0');
INSERT INTO ENROLLMENT VALUES (604, 154, 'EE001', '2022-2', 61, 'D0');
INSERT INTO ENROLLMENT VALUES (605, 154, 'CS002', '2024-2', 91, 'A0');
INSERT INTO ENROLLMENT VALUES (606, 155, 'ST004', '2023-1', 92, 'A0');
INSERT INTO ENROLLMENT VALUES (607, 155, 'MA001', '2022-1', 61, 'D0');
INSERT INTO ENROLLMENT VALUES (608, 155, 'CS003', '2022-1', 65, 'D+');
INSERT INTO ENROLLMENT VALUES (609, 155, 'ST005', '2023-2', 71, 'C0');
INSERT INTO ENROLLMENT VALUES (610, 155, 'EE003', '2024-2', 88, 'B+');
INSERT INTO ENROLLMENT VALUES (611, 156, 'EE004', '2022-1', 68, 'D+');
INSERT INTO ENROLLMENT VALUES (612, 156, 'MA003', '2023-2', 63, 'D0');
INSERT INTO ENROLLMENT VALUES (613, 157, 'BA003', '2023-1', 51, 'F');
INSERT INTO ENROLLMENT VALUES (614, 157, 'CE002', '2024-1', 64, 'D0');
INSERT INTO ENROLLMENT VALUES (615, 158, 'MA003', '2023-2', 78, 'C+');
INSERT INTO ENROLLMENT VALUES (616, 158, 'BA002', '2023-2', 73, 'C0');
INSERT INTO ENROLLMENT VALUES (617, 158, 'EE001', '2023-1', 71, 'C0');
INSERT INTO ENROLLMENT VALUES (618, 158, 'BA003', '2022-2', 88, 'B+');
INSERT INTO ENROLLMENT VALUES (619, 159, 'EE001', '2022-2', 87, 'B+');
INSERT INTO ENROLLMENT VALUES (620, 159, 'IE003', '2025-1', 83, 'B0');
INSERT INTO ENROLLMENT VALUES (621, 159, 'IE005', '2024-1', 52, 'F');
INSERT INTO ENROLLMENT VALUES (622, 159, 'MA006', '2022-2', 76, 'C+');
INSERT INTO ENROLLMENT VALUES (623, 159, 'ST005', '2024-1', 73, 'C0');
INSERT INTO ENROLLMENT VALUES (624, 159, 'EE002', '2023-2', 80, 'B0');
INSERT INTO ENROLLMENT VALUES (625, 160, 'CS006', '2025-1', 74, 'C0');
INSERT INTO ENROLLMENT VALUES (626, 160, 'MA005', '2025-1', NULL, NULL);
INSERT INTO ENROLLMENT VALUES (627, 160, 'BA003', '2024-2', NULL, NULL);
INSERT INTO ENROLLMENT VALUES (628, 160, 'EE005', '2024-1', 69, 'D+');
INSERT INTO ENROLLMENT VALUES (629, 161, 'CS005', '2024-2', 49, 'F');
INSERT INTO ENROLLMENT VALUES (630, 161, 'IE004', '2023-1', 86, 'B+');
INSERT INTO ENROLLMENT VALUES (631, 161, 'CS001', '2022-2', 80, 'B0');
INSERT INTO ENROLLMENT VALUES (632, 161, 'BA001', '2023-1', 68, 'D+');
INSERT INTO ENROLLMENT VALUES (633, 161, 'EE006', '2024-2', 82, 'B0');
INSERT INTO ENROLLMENT VALUES (634, 161, 'IE004', '2025-1', 98, 'A+');
INSERT INTO ENROLLMENT VALUES (635, 162, 'ST004', '2022-1', 74, 'C0');
INSERT INTO ENROLLMENT VALUES (636, 162, 'BA005', '2024-1', 71, 'C0');
INSERT INTO ENROLLMENT VALUES (637, 163, 'IE001', '2024-1', 91, 'A0');
INSERT INTO ENROLLMENT VALUES (638, 163, 'MA001', '2024-2', 59, 'F');
INSERT INTO ENROLLMENT VALUES (639, 163, 'CE003', '2023-1', 79, 'C+');
INSERT INTO ENROLLMENT VALUES (640, 163, 'MA001', '2023-2', 78, 'C+');
INSERT INTO ENROLLMENT VALUES (641, 164, 'ST004', '2022-1', 69, 'D+');
INSERT INTO ENROLLMENT VALUES (642, 164, 'ST002', '2024-2', 65, 'D+');
INSERT INTO ENROLLMENT VALUES (643, 164, 'IE002', '2024-1', 84, 'B0');
INSERT INTO ENROLLMENT VALUES (644, 165, 'ST003', '2022-1', 76, 'C+');
INSERT INTO ENROLLMENT VALUES (645, 165, 'BA005', '2024-2', 79, 'C+');
INSERT INTO ENROLLMENT VALUES (646, 165, 'BA005', '2022-1', 63, 'D0');
INSERT INTO ENROLLMENT VALUES (647, 166, 'CS003', '2023-1', 68, 'D+');
INSERT INTO ENROLLMENT VALUES (648, 166, 'BA002', '2025-1', 71, 'C0');
INSERT INTO ENROLLMENT VALUES (649, 166, 'EE003', '2024-1', 76, 'C+');
INSERT INTO ENROLLMENT VALUES (650, 166, 'MA004', '2023-1', 70, 'C0');
INSERT INTO ENROLLMENT VALUES (651, 167, 'CS004', '2024-1', 77, 'C+');
INSERT INTO ENROLLMENT VALUES (652, 167, 'IE005', '2023-2', 81, 'B0');
INSERT INTO ENROLLMENT VALUES (653, 168, 'EE005', '2023-1', 66, 'D+');
INSERT INTO ENROLLMENT VALUES (654, 168, 'CS001', '2022-1', 72, 'C0');
INSERT INTO ENROLLMENT VALUES (655, 168, 'EE001', '2024-1', 84, 'B0');
INSERT INTO ENROLLMENT VALUES (656, 168, 'CS002', '2022-2', 77, 'C+');
INSERT INTO ENROLLMENT VALUES (657, 169, 'BA006', '2024-2', 71, 'C0');
INSERT INTO ENROLLMENT VALUES (658, 169, 'BA006', '2025-1', 69, 'D+');
INSERT INTO ENROLLMENT VALUES (659, 170, 'ST003', '2022-1', NULL, NULL);
INSERT INTO ENROLLMENT VALUES (660, 170, 'IE005', '2024-1', 73, 'C0');
INSERT INTO ENROLLMENT VALUES (661, 170, 'BA001', '2025-1', 53, 'F');
INSERT INTO ENROLLMENT VALUES (662, 170, 'MA003', '2023-2', 70, 'C0');
INSERT INTO ENROLLMENT VALUES (663, 170, 'EE001', '2023-1', 87, 'B+');
INSERT INTO ENROLLMENT VALUES (664, 170, 'ST001', '2023-1', 90, 'A0');
INSERT INTO ENROLLMENT VALUES (665, 171, 'MA001', '2024-2', 71, 'C0');
INSERT INTO ENROLLMENT VALUES (666, 171, 'ST001', '2022-1', 94, 'A0');
INSERT INTO ENROLLMENT VALUES (667, 171, 'EE001', '2023-2', 68, 'D+');
INSERT INTO ENROLLMENT VALUES (668, 171, 'ST002', '2025-1', 69, 'D+');
INSERT INTO ENROLLMENT VALUES (669, 171, 'MA002', '2023-1', 75, 'C+');
INSERT INTO ENROLLMENT VALUES (670, 172, 'IE006', '2022-2', 70, 'C0');
INSERT INTO ENROLLMENT VALUES (671, 172, 'ST002', '2024-1', 72, 'C0');
INSERT INTO ENROLLMENT VALUES (672, 173, 'BA003', '2022-1', 58, 'F');
INSERT INTO ENROLLMENT VALUES (673, 173, 'EE004', '2022-1', 85, 'B+');
INSERT INTO ENROLLMENT VALUES (674, 173, 'CS001', '2023-1', 65, 'D+');
INSERT INTO ENROLLMENT VALUES (675, 173, 'BA004', '2023-1', 72, 'C0');
INSERT INTO ENROLLMENT VALUES (676, 173, 'IE003', '2024-1', 86, 'B+');
INSERT INTO ENROLLMENT VALUES (677, 173, 'CS005', '2023-2', 68, 'D+');
INSERT INTO ENROLLMENT VALUES (678, 174, 'IE004', '2024-2', 45, 'F');
INSERT INTO ENROLLMENT VALUES (679, 174, 'CS003', '2023-2', 87, 'B+');
INSERT INTO ENROLLMENT VALUES (680, 174, 'IE002', '2022-2', 73, 'C0');
INSERT INTO ENROLLMENT VALUES (681, 175, 'ST004', '2023-1', 75, 'C+');
INSERT INTO ENROLLMENT VALUES (682, 175, 'IE004', '2023-1', 68, 'D+');
INSERT INTO ENROLLMENT VALUES (683, 176, 'IE004', '2024-2', 72, 'C0');
INSERT INTO ENROLLMENT VALUES (684, 176, 'IE004', '2024-1', 77, 'C+');
INSERT INTO ENROLLMENT VALUES (685, 176, 'EE003', '2022-2', 85, 'B+');
INSERT INTO ENROLLMENT VALUES (686, 176, 'CS001', '2023-1', 37, 'F');
INSERT INTO ENROLLMENT VALUES (687, 177, 'MA002', '2024-2', 82, 'B0');
INSERT INTO ENROLLMENT VALUES (688, 177, 'IE005', '2023-2', 63, 'D0');
INSERT INTO ENROLLMENT VALUES (689, 178, 'MA005', '2024-2', 63, 'D0');
INSERT INTO ENROLLMENT VALUES (690, 179, 'BA001', '2023-1', 66, 'D+');
INSERT INTO ENROLLMENT VALUES (691, 179, 'CE004', '2025-1', 69, 'D+');
INSERT INTO ENROLLMENT VALUES (692, 180, 'IE005', '2024-2', 70, 'C0');
INSERT INTO ENROLLMENT VALUES (693, 180, 'BA002', '2023-1', 71, 'C0');
INSERT INTO ENROLLMENT VALUES (694, 180, 'EE003', '2025-1', 65, 'D+');
INSERT INTO ENROLLMENT VALUES (695, 180, 'CE002', '2024-1', 93, 'A0');
INSERT INTO ENROLLMENT VALUES (696, 180, 'BA002', '2022-2', NULL, NULL);
INSERT INTO ENROLLMENT VALUES (697, 180, 'BA003', '2022-2', 83, 'B0');

-- 총 행 수: PROFESSOR(30) + STUDENT(200) + COURSE(40) + ENROLLMENT(697) = 967