-- Auto-generated Oracle seed script for dataset: order
-- Source: frontend/src/data/tables

-- Drop existing MASTER tables for rerun
BEGIN
    EXECUTE IMMEDIATE 'DROP TABLE MASTER_ORDER_DETAIL CASCADE CONSTRAINTS';
EXCEPTION
    WHEN OTHERS THEN
        IF SQLCODE != -942 THEN
            RAISE;
        END IF;
END;
/

BEGIN
    EXECUTE IMMEDIATE 'DROP TABLE MASTER_ORDERS CASCADE CONSTRAINTS';
EXCEPTION
    WHEN OTHERS THEN
        IF SQLCODE != -942 THEN
            RAISE;
        END IF;
END;
/

BEGIN
    EXECUTE IMMEDIATE 'DROP TABLE MASTER_PRODUCT CASCADE CONSTRAINTS';
EXCEPTION
    WHEN OTHERS THEN
        IF SQLCODE != -942 THEN
            RAISE;
        END IF;
END;
/

BEGIN
    EXECUTE IMMEDIATE 'DROP TABLE MASTER_CUSTOMER CASCADE CONSTRAINTS';
EXCEPTION
    WHEN OTHERS THEN
        IF SQLCODE != -942 THEN
            RAISE;
        END IF;
END;
/

-- Create MASTER tables
-- ============================================
-- 테이블셋 2: ORDER (주문/상품/고객)
-- SQLD 학습 목표: 그룹함수, HAVING, 윈도우함수, 서브쿼리, JOIN
-- ============================================

-- 고객 테이블
CREATE TABLE MASTER_CUSTOMER (
    CUST_ID     NUMBER        PRIMARY KEY,
    CUST_NAME   VARCHAR2(30)  NOT NULL,
    GRADE       VARCHAR2(10),
    CITY        VARCHAR2(20),
    REG_DATE    DATE
);

-- 상품 테이블
CREATE TABLE MASTER_PRODUCT (
    PROD_ID     NUMBER        PRIMARY KEY,
    PROD_NAME   VARCHAR2(50)  NOT NULL,
    CATEGORY    VARCHAR2(20),
    PRICE       NUMBER(10,2),
    STOCK_QTY   NUMBER
);

-- 주문 테이블
CREATE TABLE MASTER_ORDERS (
    ORDER_ID    NUMBER        PRIMARY KEY,
    CUST_ID     NUMBER        REFERENCES MASTER_CUSTOMER(CUST_ID),
    ORDER_DATE  DATE,
    TOTAL_AMT   NUMBER(12,2),
    STATUS      VARCHAR2(10)
);

-- 주문상세 테이블
CREATE TABLE MASTER_ORDER_DETAIL (
    DETAIL_ID   NUMBER        PRIMARY KEY,
    ORDER_ID    NUMBER        REFERENCES MASTER_ORDERS(ORDER_ID),
    PROD_ID     NUMBER        REFERENCES MASTER_PRODUCT(PROD_ID),
    QTY         NUMBER,
    UNIT_PRICE  NUMBER(10,2)
);

-- Insert seed data into MASTER tables
-- ============================================
-- 테이블셋 2: ORDER (주문/상품/고객) 샘플 데이터
-- 총 약 1,000행
-- ============================================

-- MASTER_CUSTOMER (100행)
INSERT INTO MASTER_CUSTOMER VALUES (1, '조하윤', 'VIP', '광주', TO_DATE('2024-01-03', 'YYYY-MM-DD'));
INSERT INTO MASTER_CUSTOMER VALUES (2, '문수정', 'BRONZE', '광주', TO_DATE('2022-04-18', 'YYYY-MM-DD'));
INSERT INTO MASTER_CUSTOMER VALUES (3, '노하윤', NULL, '세종', TO_DATE('2018-06-03', 'YYYY-MM-DD'));
INSERT INTO MASTER_CUSTOMER VALUES (4, '오민재', 'BRONZE', '대구', TO_DATE('2024-12-07', 'YYYY-MM-DD'));
INSERT INTO MASTER_CUSTOMER VALUES (5, '구은서', 'BRONZE', '서울', TO_DATE('2022-06-10', 'YYYY-MM-DD'));
INSERT INTO MASTER_CUSTOMER VALUES (6, '고다은', 'GOLD', '서울', TO_DATE('2023-05-01', 'YYYY-MM-DD'));
INSERT INTO MASTER_CUSTOMER VALUES (7, '송은지', 'SILVER', '서울', TO_DATE('2021-10-15', 'YYYY-MM-DD'));
INSERT INTO MASTER_CUSTOMER VALUES (8, '홍연우', 'SILVER', '세종', TO_DATE('2025-10-22', 'YYYY-MM-DD'));
INSERT INTO MASTER_CUSTOMER VALUES (9, '조하영', 'GOLD', '대구', TO_DATE('2021-05-15', 'YYYY-MM-DD'));
INSERT INTO MASTER_CUSTOMER VALUES (10, '유예린', 'SILVER', '광주', TO_DATE('2022-09-04', 'YYYY-MM-DD'));
INSERT INTO MASTER_CUSTOMER VALUES (11, '구지민', 'VIP', '인천', TO_DATE('2022-12-15', 'YYYY-MM-DD'));
INSERT INTO MASTER_CUSTOMER VALUES (12, '신세희', 'BRONZE', '세종', TO_DATE('2023-10-17', 'YYYY-MM-DD'));
INSERT INTO MASTER_CUSTOMER VALUES (13, '양예지', 'VIP', '제주', TO_DATE('2019-10-14', 'YYYY-MM-DD'));
INSERT INTO MASTER_CUSTOMER VALUES (14, '정연우', NULL, '울산', TO_DATE('2019-07-10', 'YYYY-MM-DD'));
INSERT INTO MASTER_CUSTOMER VALUES (15, '곽수정', NULL, '서울', TO_DATE('2019-12-13', 'YYYY-MM-DD'));
INSERT INTO MASTER_CUSTOMER VALUES (16, '서수정', 'GOLD', '서울', TO_DATE('2020-10-18', 'YYYY-MM-DD'));
INSERT INTO MASTER_CUSTOMER VALUES (17, '박시윤', 'VIP', '대전', TO_DATE('2025-11-26', 'YYYY-MM-DD'));
INSERT INTO MASTER_CUSTOMER VALUES (18, '서민재', 'SILVER', '세종', TO_DATE('2023-08-31', 'YYYY-MM-DD'));
INSERT INTO MASTER_CUSTOMER VALUES (19, '배수아', 'VIP', '서울', TO_DATE('2020-09-17', 'YYYY-MM-DD'));
INSERT INTO MASTER_CUSTOMER VALUES (20, '양서윤', NULL, '세종', TO_DATE('2019-12-29', 'YYYY-MM-DD'));
INSERT INTO MASTER_CUSTOMER VALUES (21, '심윤서', NULL, '대전', TO_DATE('2021-11-11', 'YYYY-MM-DD'));
INSERT INTO MASTER_CUSTOMER VALUES (22, '한수현', 'SILVER', '부산', TO_DATE('2021-03-13', 'YYYY-MM-DD'));
INSERT INTO MASTER_CUSTOMER VALUES (23, '이지훈', 'VIP', '대구', TO_DATE('2024-06-01', 'YYYY-MM-DD'));
INSERT INTO MASTER_CUSTOMER VALUES (24, '신미래', 'GOLD', '인천', TO_DATE('2025-08-07', 'YYYY-MM-DD'));
INSERT INTO MASTER_CUSTOMER VALUES (25, '신민재', 'BRONZE', '제주', TO_DATE('2018-03-24', 'YYYY-MM-DD'));
INSERT INTO MASTER_CUSTOMER VALUES (26, '김서연', 'GOLD', '대구', TO_DATE('2024-09-28', 'YYYY-MM-DD'));
INSERT INTO MASTER_CUSTOMER VALUES (27, '김우진', 'SILVER', NULL, TO_DATE('2021-06-05', 'YYYY-MM-DD'));
INSERT INTO MASTER_CUSTOMER VALUES (28, '송도훈', 'BRONZE', '대전', TO_DATE('2023-02-24', 'YYYY-MM-DD'));
INSERT INTO MASTER_CUSTOMER VALUES (29, '안건우', 'BRONZE', '광주', TO_DATE('2025-08-05', 'YYYY-MM-DD'));
INSERT INTO MASTER_CUSTOMER VALUES (30, '곽예지', NULL, '울산', TO_DATE('2024-07-22', 'YYYY-MM-DD'));
INSERT INTO MASTER_CUSTOMER VALUES (31, '조민준', NULL, '대전', TO_DATE('2024-04-18', 'YYYY-MM-DD'));
INSERT INTO MASTER_CUSTOMER VALUES (32, '구지유', 'SILVER', '광주', TO_DATE('2025-09-04', 'YYYY-MM-DD'));
INSERT INTO MASTER_CUSTOMER VALUES (33, '조서연', 'VIP', '대전', TO_DATE('2021-02-06', 'YYYY-MM-DD'));
INSERT INTO MASTER_CUSTOMER VALUES (34, '전하영', 'SILVER', '광주', TO_DATE('2025-05-11', 'YYYY-MM-DD'));
INSERT INTO MASTER_CUSTOMER VALUES (35, '홍도현', 'GOLD', '제주', TO_DATE('2020-09-11', 'YYYY-MM-DD'));
INSERT INTO MASTER_CUSTOMER VALUES (36, '최지현', NULL, '울산', TO_DATE('2025-05-29', 'YYYY-MM-DD'));
INSERT INTO MASTER_CUSTOMER VALUES (37, '전은서', 'GOLD', '서울', TO_DATE('2025-05-08', 'YYYY-MM-DD'));
INSERT INTO MASTER_CUSTOMER VALUES (38, '노현준', 'SILVER', '울산', TO_DATE('2022-07-16', 'YYYY-MM-DD'));
INSERT INTO MASTER_CUSTOMER VALUES (39, '손지원', 'VIP', NULL, TO_DATE('2025-12-10', 'YYYY-MM-DD'));
INSERT INTO MASTER_CUSTOMER VALUES (40, '주예지', 'GOLD', '대전', TO_DATE('2025-12-31', 'YYYY-MM-DD'));
INSERT INTO MASTER_CUSTOMER VALUES (41, '권은서', NULL, '세종', TO_DATE('2025-07-14', 'YYYY-MM-DD'));
INSERT INTO MASTER_CUSTOMER VALUES (42, '문지우', 'SILVER', '대구', TO_DATE('2025-05-17', 'YYYY-MM-DD'));
INSERT INTO MASTER_CUSTOMER VALUES (43, '차현우', 'SILVER', '부산', TO_DATE('2023-04-13', 'YYYY-MM-DD'));
INSERT INTO MASTER_CUSTOMER VALUES (44, '장지원', 'SILVER', '제주', TO_DATE('2020-01-20', 'YYYY-MM-DD'));
INSERT INTO MASTER_CUSTOMER VALUES (45, '고지민', 'VIP', '인천', TO_DATE('2021-12-26', 'YYYY-MM-DD'));
INSERT INTO MASTER_CUSTOMER VALUES (46, '권지원', 'SILVER', '울산', TO_DATE('2021-09-19', 'YYYY-MM-DD'));
INSERT INTO MASTER_CUSTOMER VALUES (47, '양서진', NULL, '광주', TO_DATE('2023-03-15', 'YYYY-MM-DD'));
INSERT INTO MASTER_CUSTOMER VALUES (48, '윤서연', 'VIP', NULL, TO_DATE('2024-07-04', 'YYYY-MM-DD'));
INSERT INTO MASTER_CUSTOMER VALUES (49, '민시우', 'BRONZE', '인천', TO_DATE('2023-08-12', 'YYYY-MM-DD'));
INSERT INTO MASTER_CUSTOMER VALUES (50, '윤하영', 'BRONZE', '제주', TO_DATE('2021-05-07', 'YYYY-MM-DD'));
INSERT INTO MASTER_CUSTOMER VALUES (51, '백예준', 'GOLD', '대구', TO_DATE('2020-03-31', 'YYYY-MM-DD'));
INSERT INTO MASTER_CUSTOMER VALUES (52, '고준혁', NULL, '세종', TO_DATE('2019-08-10', 'YYYY-MM-DD'));
INSERT INTO MASTER_CUSTOMER VALUES (53, '전하영', 'GOLD', '부산', TO_DATE('2023-06-21', 'YYYY-MM-DD'));
INSERT INTO MASTER_CUSTOMER VALUES (54, '고수아', 'GOLD', '대전', TO_DATE('2025-02-11', 'YYYY-MM-DD'));
INSERT INTO MASTER_CUSTOMER VALUES (55, '최민준', 'BRONZE', '광주', TO_DATE('2020-05-07', 'YYYY-MM-DD'));
INSERT INTO MASTER_CUSTOMER VALUES (56, '한하윤', 'GOLD', '세종', TO_DATE('2018-12-27', 'YYYY-MM-DD'));
INSERT INTO MASTER_CUSTOMER VALUES (57, '장채원', 'BRONZE', '울산', TO_DATE('2022-07-11', 'YYYY-MM-DD'));
INSERT INTO MASTER_CUSTOMER VALUES (58, '허서연', 'BRONZE', '서울', TO_DATE('2018-06-04', 'YYYY-MM-DD'));
INSERT INTO MASTER_CUSTOMER VALUES (59, '성도현', 'SILVER', '서울', TO_DATE('2021-08-12', 'YYYY-MM-DD'));
INSERT INTO MASTER_CUSTOMER VALUES (60, '곽도현', 'VIP', '서울', TO_DATE('2025-01-10', 'YYYY-MM-DD'));
INSERT INTO MASTER_CUSTOMER VALUES (61, '황우진', 'SILVER', '광주', TO_DATE('2019-06-13', 'YYYY-MM-DD'));
INSERT INTO MASTER_CUSTOMER VALUES (62, '조지훈', NULL, NULL, TO_DATE('2021-06-07', 'YYYY-MM-DD'));
INSERT INTO MASTER_CUSTOMER VALUES (63, '한시우', 'VIP', '광주', TO_DATE('2021-04-06', 'YYYY-MM-DD'));
INSERT INTO MASTER_CUSTOMER VALUES (64, '남수빈', NULL, NULL, TO_DATE('2023-11-17', 'YYYY-MM-DD'));
INSERT INTO MASTER_CUSTOMER VALUES (65, '고도훈', 'GOLD', '대전', TO_DATE('2023-07-01', 'YYYY-MM-DD'));
INSERT INTO MASTER_CUSTOMER VALUES (66, '문소율', 'GOLD', '대구', TO_DATE('2022-07-11', 'YYYY-MM-DD'));
INSERT INTO MASTER_CUSTOMER VALUES (67, '이우진', 'GOLD', '대구', TO_DATE('2020-05-15', 'YYYY-MM-DD'));
INSERT INTO MASTER_CUSTOMER VALUES (68, '이윤서', NULL, '대구', TO_DATE('2019-05-20', 'YYYY-MM-DD'));
INSERT INTO MASTER_CUSTOMER VALUES (69, '양예은', 'VIP', '울산', TO_DATE('2025-03-07', 'YYYY-MM-DD'));
INSERT INTO MASTER_CUSTOMER VALUES (70, '안예린', NULL, NULL, TO_DATE('2018-07-19', 'YYYY-MM-DD'));
INSERT INTO MASTER_CUSTOMER VALUES (71, '구예준', 'VIP', '서울', TO_DATE('2018-07-17', 'YYYY-MM-DD'));
INSERT INTO MASTER_CUSTOMER VALUES (72, '윤준혁', 'BRONZE', '울산', TO_DATE('2019-05-22', 'YYYY-MM-DD'));
INSERT INTO MASTER_CUSTOMER VALUES (73, '차서진', 'BRONZE', '대구', TO_DATE('2020-04-21', 'YYYY-MM-DD'));
INSERT INTO MASTER_CUSTOMER VALUES (74, '김연우', 'BRONZE', '부산', TO_DATE('2025-06-06', 'YYYY-MM-DD'));
INSERT INTO MASTER_CUSTOMER VALUES (75, '곽민재', NULL, NULL, TO_DATE('2025-11-10', 'YYYY-MM-DD'));
INSERT INTO MASTER_CUSTOMER VALUES (76, '장준혁', 'VIP', '제주', TO_DATE('2024-12-05', 'YYYY-MM-DD'));
INSERT INTO MASTER_CUSTOMER VALUES (77, '윤현준', 'VIP', '부산', TO_DATE('2023-08-01', 'YYYY-MM-DD'));
INSERT INTO MASTER_CUSTOMER VALUES (78, '서지유', 'GOLD', '광주', TO_DATE('2023-11-13', 'YYYY-MM-DD'));
INSERT INTO MASTER_CUSTOMER VALUES (79, '서승현', 'BRONZE', '광주', TO_DATE('2019-10-19', 'YYYY-MM-DD'));
INSERT INTO MASTER_CUSTOMER VALUES (80, '박하은', 'BRONZE', '인천', TO_DATE('2025-09-19', 'YYYY-MM-DD'));
INSERT INTO MASTER_CUSTOMER VALUES (81, '심정우', 'GOLD', '서울', TO_DATE('2018-02-22', 'YYYY-MM-DD'));
INSERT INTO MASTER_CUSTOMER VALUES (82, '강세희', 'VIP', NULL, TO_DATE('2025-07-03', 'YYYY-MM-DD'));
INSERT INTO MASTER_CUSTOMER VALUES (83, '노준서', 'VIP', '제주', TO_DATE('2018-11-04', 'YYYY-MM-DD'));
INSERT INTO MASTER_CUSTOMER VALUES (84, '조은지', 'SILVER', '인천', TO_DATE('2023-02-14', 'YYYY-MM-DD'));
INSERT INTO MASTER_CUSTOMER VALUES (85, '류서진', 'BRONZE', '서울', TO_DATE('2019-02-13', 'YYYY-MM-DD'));
INSERT INTO MASTER_CUSTOMER VALUES (86, '오하영', 'VIP', '광주', TO_DATE('2022-01-15', 'YYYY-MM-DD'));
INSERT INTO MASTER_CUSTOMER VALUES (87, '전도훈', 'VIP', '부산', TO_DATE('2018-07-07', 'YYYY-MM-DD'));
INSERT INTO MASTER_CUSTOMER VALUES (88, '김미래', 'GOLD', '대구', TO_DATE('2021-09-08', 'YYYY-MM-DD'));
INSERT INTO MASTER_CUSTOMER VALUES (89, '문은지', 'BRONZE', NULL, TO_DATE('2021-01-03', 'YYYY-MM-DD'));
INSERT INTO MASTER_CUSTOMER VALUES (90, '강승우', 'SILVER', '대구', TO_DATE('2019-04-12', 'YYYY-MM-DD'));
INSERT INTO MASTER_CUSTOMER VALUES (91, '배유찬', 'BRONZE', '광주', TO_DATE('2022-04-29', 'YYYY-MM-DD'));
INSERT INTO MASTER_CUSTOMER VALUES (92, '심지현', 'BRONZE', '대구', TO_DATE('2019-04-09', 'YYYY-MM-DD'));
INSERT INTO MASTER_CUSTOMER VALUES (93, '장다은', 'VIP', '대구', TO_DATE('2019-03-01', 'YYYY-MM-DD'));
INSERT INTO MASTER_CUSTOMER VALUES (94, '백세희', NULL, '세종', TO_DATE('2024-05-19', 'YYYY-MM-DD'));
INSERT INTO MASTER_CUSTOMER VALUES (95, '유현우', NULL, '울산', TO_DATE('2022-01-08', 'YYYY-MM-DD'));
INSERT INTO MASTER_CUSTOMER VALUES (96, '민서준', 'GOLD', '세종', TO_DATE('2023-06-23', 'YYYY-MM-DD'));
INSERT INTO MASTER_CUSTOMER VALUES (97, '윤수정', 'BRONZE', '세종', TO_DATE('2018-07-08', 'YYYY-MM-DD'));
INSERT INTO MASTER_CUSTOMER VALUES (98, '정서진', 'SILVER', '서울', TO_DATE('2025-11-25', 'YYYY-MM-DD'));
INSERT INTO MASTER_CUSTOMER VALUES (99, '곽예린', NULL, NULL, TO_DATE('2020-07-06', 'YYYY-MM-DD'));
INSERT INTO MASTER_CUSTOMER VALUES (100, '고서현', NULL, NULL, TO_DATE('2019-01-26', 'YYYY-MM-DD'));

-- MASTER_PRODUCT (50행)
INSERT INTO MASTER_PRODUCT VALUES (1, '노트북 프로', '화장품', 890000, 372);
INSERT INTO MASTER_PRODUCT VALUES (2, '무선 이어폰', '가구', 890000, 346);
INSERT INTO MASTER_PRODUCT VALUES (3, '스마트워치', '식품', 199000, 456);
INSERT INTO MASTER_PRODUCT VALUES (4, '태블릿 PC', '전자기기', 5000, 329);
INSERT INTO MASTER_PRODUCT VALUES (5, '블루투스 스피커', NULL, 120000, 445);
INSERT INTO MASTER_PRODUCT VALUES (6, '기계식 키보드', NULL, 49900, 123);
INSERT INTO MASTER_PRODUCT VALUES (7, '게이밍 마우스', '스포츠', 5000, 259);
INSERT INTO MASTER_PRODUCT VALUES (8, '모니터 27인치', '화장품', 79000, 418);
INSERT INTO MASTER_PRODUCT VALUES (9, '웹캠 HD', NULL, 120000, 410);
INSERT INTO MASTER_PRODUCT VALUES (10, 'USB 허브', '의류', 120000, 228);
INSERT INTO MASTER_PRODUCT VALUES (11, '캐주얼 셔츠', NULL, 890000, 9);
INSERT INTO MASTER_PRODUCT VALUES (12, '청바지', '화장품', 5000, 285);
INSERT INTO MASTER_PRODUCT VALUES (13, '운동화', '의류', 350000, 493);
INSERT INTO MASTER_PRODUCT VALUES (14, '패딩 자켓', '스포츠', 199000, 287);
INSERT INTO MASTER_PRODUCT VALUES (15, '면 티셔츠', NULL, 49900, 186);
INSERT INTO MASTER_PRODUCT VALUES (16, '정장 세트', '도서', 120000, 169);
INSERT INTO MASTER_PRODUCT VALUES (17, '스니커즈', NULL, 890000, 186);
INSERT INTO MASTER_PRODUCT VALUES (18, '비니', '의류', 9900, 388);
INSERT INTO MASTER_PRODUCT VALUES (19, '가죽 벨트', '전자기기', 49900, 181);
INSERT INTO MASTER_PRODUCT VALUES (20, '선글라스', '스포츠', 199000, 267);
INSERT INTO MASTER_PRODUCT VALUES (21, '유기농 쌀', '의류', 5000, 459);
INSERT INTO MASTER_PRODUCT VALUES (22, '올리브유', '식품', 79000, 54);
INSERT INTO MASTER_PRODUCT VALUES (23, '견과류 세트', '도서', 25000, 61);
INSERT INTO MASTER_PRODUCT VALUES (24, '단백질 바', '화장품', 25000, 234);
INSERT INTO MASTER_PRODUCT VALUES (25, '에너지 드링크', '도서', 49900, 55);
INSERT INTO MASTER_PRODUCT VALUES (26, '커피 원두', '전자기기', 890000, 428);
INSERT INTO MASTER_PRODUCT VALUES (27, '녹차', '의류', 120000, 234);
INSERT INTO MASTER_PRODUCT VALUES (28, '꿀', '식품', 120000, 2);
INSERT INTO MASTER_PRODUCT VALUES (29, '참치 통조림', '전자기기', 199000, 478);
INSERT INTO MASTER_PRODUCT VALUES (30, '즉석 밥', NULL, 199000, 399);
INSERT INTO MASTER_PRODUCT VALUES (31, 'SQL 입문서', '식품', 350000, 88);
INSERT INTO MASTER_PRODUCT VALUES (32, '데이터베이스 개론', '식품', 9900, 198);
INSERT INTO MASTER_PRODUCT VALUES (33, '알고리즘 도감', '가구', 199000, 451);
INSERT INTO MASTER_PRODUCT VALUES (34, '파이썬 교과서', '도서', 35000, 203);
INSERT INTO MASTER_PRODUCT VALUES (35, '자바 완전정복', '스포츠', 120000, 412);
INSERT INTO MASTER_PRODUCT VALUES (36, '요가 매트', '화장품', 350000, 358);
INSERT INTO MASTER_PRODUCT VALUES (37, '덤벨 세트', '스포츠', 199000, 440);
INSERT INTO MASTER_PRODUCT VALUES (38, '러닝화', '도서', 25000, 107);
INSERT INTO MASTER_PRODUCT VALUES (39, '테니스 라켓', '스포츠', 890000, 176);
INSERT INTO MASTER_PRODUCT VALUES (40, '자전거 헬멧', '식품', 890000, 499);
INSERT INTO MASTER_PRODUCT VALUES (41, '책상', '가구', 9900, 389);
INSERT INTO MASTER_PRODUCT VALUES (42, '사무용 의자', NULL, 350000, 292);
INSERT INTO MASTER_PRODUCT VALUES (43, '책장', '화장품', 890000, 382);
INSERT INTO MASTER_PRODUCT VALUES (44, 'LED 스탠드', '스포츠', NULL, 413);
INSERT INTO MASTER_PRODUCT VALUES (45, '수납 박스', '의류', 5000, 195);
INSERT INTO MASTER_PRODUCT VALUES (46, '선크림', '전자기기', 25000, 136);
INSERT INTO MASTER_PRODUCT VALUES (47, '수분크림', '식품', 35000, 349);
INSERT INTO MASTER_PRODUCT VALUES (48, '클렌징폼', '전자기기', 35000, 104);
INSERT INTO MASTER_PRODUCT VALUES (49, '핸드크림', '전자기기', 49900, 416);
INSERT INTO MASTER_PRODUCT VALUES (50, '립밤', '도서', 890000, 287);

-- MASTER_ORDERS (400행)
INSERT INTO MASTER_ORDERS VALUES (1, 66, TO_DATE('2025-11-26', 'YYYY-MM-DD'), 608221, '완료');
INSERT INTO MASTER_ORDERS VALUES (2, 50, TO_DATE('2024-05-03', 'YYYY-MM-DD'), 1657789, '준비중');
INSERT INTO MASTER_ORDERS VALUES (3, 7, TO_DATE('2022-01-27', 'YYYY-MM-DD'), 1564588, '준비중');
INSERT INTO MASTER_ORDERS VALUES (4, 57, TO_DATE('2023-04-07', 'YYYY-MM-DD'), 1916525, '준비중');
INSERT INTO MASTER_ORDERS VALUES (5, 70, TO_DATE('2025-05-20', 'YYYY-MM-DD'), 417025, '배송중');
INSERT INTO MASTER_ORDERS VALUES (6, 23, TO_DATE('2025-10-30', 'YYYY-MM-DD'), 161172, '배송중');
INSERT INTO MASTER_ORDERS VALUES (7, 66, TO_DATE('2022-09-02', 'YYYY-MM-DD'), 796042, '완료');
INSERT INTO MASTER_ORDERS VALUES (8, 72, TO_DATE('2023-06-26', 'YYYY-MM-DD'), 277769, '배송중');
INSERT INTO MASTER_ORDERS VALUES (9, 33, TO_DATE('2022-01-12', 'YYYY-MM-DD'), 698240, '취소');
INSERT INTO MASTER_ORDERS VALUES (10, 20, TO_DATE('2022-03-23', 'YYYY-MM-DD'), 327339, '준비중');
INSERT INTO MASTER_ORDERS VALUES (11, 81, TO_DATE('2025-06-14', 'YYYY-MM-DD'), 1773192, '준비중');
INSERT INTO MASTER_ORDERS VALUES (12, 74, TO_DATE('2025-01-31', 'YYYY-MM-DD'), 755959, '완료');
INSERT INTO MASTER_ORDERS VALUES (13, 41, TO_DATE('2024-12-12', 'YYYY-MM-DD'), 466293, '배송중');
INSERT INTO MASTER_ORDERS VALUES (14, 65, TO_DATE('2022-11-23', 'YYYY-MM-DD'), 877271, '반품');
INSERT INTO MASTER_ORDERS VALUES (15, 12, TO_DATE('2023-12-17', 'YYYY-MM-DD'), 468885, '배송중');
INSERT INTO MASTER_ORDERS VALUES (16, 43, TO_DATE('2024-01-09', 'YYYY-MM-DD'), 620670, '배송중');
INSERT INTO MASTER_ORDERS VALUES (17, 80, TO_DATE('2024-12-22', 'YYYY-MM-DD'), 1000847, '반품');
INSERT INTO MASTER_ORDERS VALUES (18, 84, TO_DATE('2022-01-19', 'YYYY-MM-DD'), 245589, '준비중');
INSERT INTO MASTER_ORDERS VALUES (19, 83, TO_DATE('2025-06-10', 'YYYY-MM-DD'), 1931459, '반품');
INSERT INTO MASTER_ORDERS VALUES (20, 6, TO_DATE('2025-10-29', 'YYYY-MM-DD'), 1862363, '준비중');
INSERT INTO MASTER_ORDERS VALUES (21, 15, TO_DATE('2024-03-01', 'YYYY-MM-DD'), 543109, '반품');
INSERT INTO MASTER_ORDERS VALUES (22, 4, TO_DATE('2024-11-24', 'YYYY-MM-DD'), 1729087, '준비중');
INSERT INTO MASTER_ORDERS VALUES (23, 66, TO_DATE('2024-07-01', 'YYYY-MM-DD'), 1025903, '완료');
INSERT INTO MASTER_ORDERS VALUES (24, 84, TO_DATE('2023-01-30', 'YYYY-MM-DD'), 676744, '반품');
INSERT INTO MASTER_ORDERS VALUES (25, 13, TO_DATE('2022-12-09', 'YYYY-MM-DD'), 1626766, '반품');
INSERT INTO MASTER_ORDERS VALUES (26, 81, TO_DATE('2022-05-15', 'YYYY-MM-DD'), 447040, '배송중');
INSERT INTO MASTER_ORDERS VALUES (27, 55, TO_DATE('2022-08-01', 'YYYY-MM-DD'), 436131, '반품');
INSERT INTO MASTER_ORDERS VALUES (28, 56, TO_DATE('2025-08-17', 'YYYY-MM-DD'), 1717858, '완료');
INSERT INTO MASTER_ORDERS VALUES (29, 20, TO_DATE('2022-02-18', 'YYYY-MM-DD'), 968065, '준비중');
INSERT INTO MASTER_ORDERS VALUES (30, 10, TO_DATE('2022-04-22', 'YYYY-MM-DD'), 378276, '준비중');
INSERT INTO MASTER_ORDERS VALUES (31, 74, TO_DATE('2023-04-12', 'YYYY-MM-DD'), 1915477, '준비중');
INSERT INTO MASTER_ORDERS VALUES (32, 58, TO_DATE('2025-07-14', 'YYYY-MM-DD'), 853188, '취소');
INSERT INTO MASTER_ORDERS VALUES (33, 50, TO_DATE('2025-10-10', 'YYYY-MM-DD'), NULL, '반품');
INSERT INTO MASTER_ORDERS VALUES (34, 80, TO_DATE('2022-05-10', 'YYYY-MM-DD'), 1590364, '반품');
INSERT INTO MASTER_ORDERS VALUES (35, 10, TO_DATE('2024-01-03', 'YYYY-MM-DD'), 1951257, '반품');
INSERT INTO MASTER_ORDERS VALUES (36, 39, TO_DATE('2025-05-27', 'YYYY-MM-DD'), 186414, '준비중');
INSERT INTO MASTER_ORDERS VALUES (37, 57, TO_DATE('2024-02-21', 'YYYY-MM-DD'), 833612, '완료');
INSERT INTO MASTER_ORDERS VALUES (38, 69, TO_DATE('2023-03-27', 'YYYY-MM-DD'), 291012, '취소');
INSERT INTO MASTER_ORDERS VALUES (39, 70, TO_DATE('2023-08-28', 'YYYY-MM-DD'), 1334690, '배송중');
INSERT INTO MASTER_ORDERS VALUES (40, 83, TO_DATE('2024-02-04', 'YYYY-MM-DD'), 1996172, '완료');
INSERT INTO MASTER_ORDERS VALUES (41, 72, TO_DATE('2022-10-17', 'YYYY-MM-DD'), NULL, '완료');
INSERT INTO MASTER_ORDERS VALUES (42, 77, TO_DATE('2024-03-18', 'YYYY-MM-DD'), 1131489, '반품');
INSERT INTO MASTER_ORDERS VALUES (43, 40, TO_DATE('2023-03-07', 'YYYY-MM-DD'), 1574291, '준비중');
INSERT INTO MASTER_ORDERS VALUES (44, 83, TO_DATE('2024-11-15', 'YYYY-MM-DD'), 303750, '배송중');
INSERT INTO MASTER_ORDERS VALUES (45, 79, TO_DATE('2023-06-02', 'YYYY-MM-DD'), 412531, '완료');
INSERT INTO MASTER_ORDERS VALUES (46, 73, TO_DATE('2022-04-22', 'YYYY-MM-DD'), 1790489, '반품');
INSERT INTO MASTER_ORDERS VALUES (47, 71, TO_DATE('2022-05-30', 'YYYY-MM-DD'), 614542, '완료');
INSERT INTO MASTER_ORDERS VALUES (48, 26, TO_DATE('2025-04-04', 'YYYY-MM-DD'), 1026712, '준비중');
INSERT INTO MASTER_ORDERS VALUES (49, 84, TO_DATE('2023-04-26', 'YYYY-MM-DD'), 214809, '준비중');
INSERT INTO MASTER_ORDERS VALUES (50, 25, TO_DATE('2023-10-13', 'YYYY-MM-DD'), 1023924, '취소');
INSERT INTO MASTER_ORDERS VALUES (51, 85, TO_DATE('2023-09-19', 'YYYY-MM-DD'), 1459287, '반품');
INSERT INTO MASTER_ORDERS VALUES (52, 73, TO_DATE('2024-01-17', 'YYYY-MM-DD'), 1698869, '준비중');
INSERT INTO MASTER_ORDERS VALUES (53, 22, TO_DATE('2022-01-10', 'YYYY-MM-DD'), 661859, '배송중');
INSERT INTO MASTER_ORDERS VALUES (54, 83, TO_DATE('2024-06-12', 'YYYY-MM-DD'), 585239, '준비중');
INSERT INTO MASTER_ORDERS VALUES (55, 43, TO_DATE('2024-09-09', 'YYYY-MM-DD'), 975663, '취소');
INSERT INTO MASTER_ORDERS VALUES (56, 40, TO_DATE('2024-09-24', 'YYYY-MM-DD'), 1161939, '완료');
INSERT INTO MASTER_ORDERS VALUES (57, 78, TO_DATE('2022-06-17', 'YYYY-MM-DD'), 1770367, '준비중');
INSERT INTO MASTER_ORDERS VALUES (58, 18, TO_DATE('2025-01-08', 'YYYY-MM-DD'), 416947, '준비중');
INSERT INTO MASTER_ORDERS VALUES (59, 81, TO_DATE('2022-06-06', 'YYYY-MM-DD'), 1530521, '완료');
INSERT INTO MASTER_ORDERS VALUES (60, 65, TO_DATE('2025-07-17', 'YYYY-MM-DD'), 70419, '반품');
INSERT INTO MASTER_ORDERS VALUES (61, 76, TO_DATE('2023-03-12', 'YYYY-MM-DD'), 1905656, '완료');
INSERT INTO MASTER_ORDERS VALUES (62, 70, TO_DATE('2025-01-10', 'YYYY-MM-DD'), 995073, '배송중');
INSERT INTO MASTER_ORDERS VALUES (63, 29, TO_DATE('2025-04-22', 'YYYY-MM-DD'), 1542688, '준비중');
INSERT INTO MASTER_ORDERS VALUES (64, 65, TO_DATE('2024-11-11', 'YYYY-MM-DD'), 194905, '취소');
INSERT INTO MASTER_ORDERS VALUES (65, 2, TO_DATE('2025-09-19', 'YYYY-MM-DD'), 505969, '반품');
INSERT INTO MASTER_ORDERS VALUES (66, 66, TO_DATE('2022-10-15', 'YYYY-MM-DD'), 940792, '배송중');
INSERT INTO MASTER_ORDERS VALUES (67, 73, TO_DATE('2025-09-12', 'YYYY-MM-DD'), 1834125, '배송중');
INSERT INTO MASTER_ORDERS VALUES (68, 62, TO_DATE('2024-01-05', 'YYYY-MM-DD'), 89766, '배송중');
INSERT INTO MASTER_ORDERS VALUES (69, 30, TO_DATE('2022-05-09', 'YYYY-MM-DD'), 559397, '준비중');
INSERT INTO MASTER_ORDERS VALUES (70, 27, TO_DATE('2024-11-26', 'YYYY-MM-DD'), 1908639, '준비중');
INSERT INTO MASTER_ORDERS VALUES (71, 59, TO_DATE('2022-04-06', 'YYYY-MM-DD'), 88686, '준비중');
INSERT INTO MASTER_ORDERS VALUES (72, 67, TO_DATE('2025-07-21', 'YYYY-MM-DD'), 1744896, '준비중');
INSERT INTO MASTER_ORDERS VALUES (73, 34, TO_DATE('2025-03-31', 'YYYY-MM-DD'), 1146584, '반품');
INSERT INTO MASTER_ORDERS VALUES (74, 84, TO_DATE('2024-02-15', 'YYYY-MM-DD'), 771082, '반품');
INSERT INTO MASTER_ORDERS VALUES (75, 10, TO_DATE('2024-11-24', 'YYYY-MM-DD'), 532614, '취소');
INSERT INTO MASTER_ORDERS VALUES (76, 29, TO_DATE('2024-11-23', 'YYYY-MM-DD'), 856112, '준비중');
INSERT INTO MASTER_ORDERS VALUES (77, 45, TO_DATE('2024-09-24', 'YYYY-MM-DD'), 1667323, '취소');
INSERT INTO MASTER_ORDERS VALUES (78, 1, TO_DATE('2024-10-24', 'YYYY-MM-DD'), 1854759, '배송중');
INSERT INTO MASTER_ORDERS VALUES (79, 30, TO_DATE('2022-06-07', 'YYYY-MM-DD'), 1084071, '준비중');
INSERT INTO MASTER_ORDERS VALUES (80, 24, TO_DATE('2022-11-19', 'YYYY-MM-DD'), 764636, '반품');
INSERT INTO MASTER_ORDERS VALUES (81, 16, TO_DATE('2025-09-15', 'YYYY-MM-DD'), 488071, '취소');
INSERT INTO MASTER_ORDERS VALUES (82, 15, TO_DATE('2024-09-13', 'YYYY-MM-DD'), 1421058, '취소');
INSERT INTO MASTER_ORDERS VALUES (83, 76, TO_DATE('2022-11-27', 'YYYY-MM-DD'), 1362400, '취소');
INSERT INTO MASTER_ORDERS VALUES (84, 6, TO_DATE('2022-09-19', 'YYYY-MM-DD'), 1207688, '반품');
INSERT INTO MASTER_ORDERS VALUES (85, 81, TO_DATE('2024-11-15', 'YYYY-MM-DD'), 87189, '반품');
INSERT INTO MASTER_ORDERS VALUES (86, 22, TO_DATE('2023-06-13', 'YYYY-MM-DD'), 1939511, '배송중');
INSERT INTO MASTER_ORDERS VALUES (87, 52, TO_DATE('2025-05-12', 'YYYY-MM-DD'), 1186964, '완료');
INSERT INTO MASTER_ORDERS VALUES (88, 85, TO_DATE('2023-08-04', 'YYYY-MM-DD'), 1991535, '완료');
INSERT INTO MASTER_ORDERS VALUES (89, 78, TO_DATE('2024-08-23', 'YYYY-MM-DD'), 1823864, '취소');
INSERT INTO MASTER_ORDERS VALUES (90, 53, TO_DATE('2025-05-15', 'YYYY-MM-DD'), 304289, '반품');
INSERT INTO MASTER_ORDERS VALUES (91, 24, TO_DATE('2025-06-30', 'YYYY-MM-DD'), 1388383, '반품');
INSERT INTO MASTER_ORDERS VALUES (92, 44, TO_DATE('2024-07-17', 'YYYY-MM-DD'), 1256021, '반품');
INSERT INTO MASTER_ORDERS VALUES (93, 49, TO_DATE('2024-02-29', 'YYYY-MM-DD'), NULL, '완료');
INSERT INTO MASTER_ORDERS VALUES (94, 67, TO_DATE('2024-10-29', 'YYYY-MM-DD'), 1440223, '취소');
INSERT INTO MASTER_ORDERS VALUES (95, 78, TO_DATE('2022-07-17', 'YYYY-MM-DD'), 377081, '취소');
INSERT INTO MASTER_ORDERS VALUES (96, 77, TO_DATE('2022-03-21', 'YYYY-MM-DD'), 1845780, '반품');
INSERT INTO MASTER_ORDERS VALUES (97, 16, TO_DATE('2022-07-10', 'YYYY-MM-DD'), 1016332, '배송중');
INSERT INTO MASTER_ORDERS VALUES (98, 70, TO_DATE('2022-01-03', 'YYYY-MM-DD'), 1886080, '취소');
INSERT INTO MASTER_ORDERS VALUES (99, 48, TO_DATE('2022-03-30', 'YYYY-MM-DD'), 1468063, '반품');
INSERT INTO MASTER_ORDERS VALUES (100, 62, TO_DATE('2024-02-20', 'YYYY-MM-DD'), 740089, '반품');
INSERT INTO MASTER_ORDERS VALUES (101, 74, TO_DATE('2022-07-20', 'YYYY-MM-DD'), 897315, '배송중');
INSERT INTO MASTER_ORDERS VALUES (102, 30, TO_DATE('2022-06-21', 'YYYY-MM-DD'), 599053, '반품');
INSERT INTO MASTER_ORDERS VALUES (103, 53, TO_DATE('2023-06-12', 'YYYY-MM-DD'), 401405, '완료');
INSERT INTO MASTER_ORDERS VALUES (104, 1, TO_DATE('2025-03-29', 'YYYY-MM-DD'), 1100847, '완료');
INSERT INTO MASTER_ORDERS VALUES (105, 49, TO_DATE('2025-09-02', 'YYYY-MM-DD'), 435794, '준비중');
INSERT INTO MASTER_ORDERS VALUES (106, 14, TO_DATE('2022-11-13', 'YYYY-MM-DD'), 898536, '반품');
INSERT INTO MASTER_ORDERS VALUES (107, 69, TO_DATE('2024-05-17', 'YYYY-MM-DD'), 1189199, '준비중');
INSERT INTO MASTER_ORDERS VALUES (108, 51, TO_DATE('2023-02-22', 'YYYY-MM-DD'), 871602, '반품');
INSERT INTO MASTER_ORDERS VALUES (109, 62, TO_DATE('2023-01-02', 'YYYY-MM-DD'), 781392, '반품');
INSERT INTO MASTER_ORDERS VALUES (110, 33, TO_DATE('2023-09-21', 'YYYY-MM-DD'), 1216422, '준비중');
INSERT INTO MASTER_ORDERS VALUES (111, 51, TO_DATE('2022-10-10', 'YYYY-MM-DD'), 1798062, '완료');
INSERT INTO MASTER_ORDERS VALUES (112, 58, TO_DATE('2025-12-03', 'YYYY-MM-DD'), 1995711, '배송중');
INSERT INTO MASTER_ORDERS VALUES (113, 66, TO_DATE('2024-03-31', 'YYYY-MM-DD'), 1653531, '준비중');
INSERT INTO MASTER_ORDERS VALUES (114, 79, TO_DATE('2025-11-28', 'YYYY-MM-DD'), 1440635, '완료');
INSERT INTO MASTER_ORDERS VALUES (115, 82, TO_DATE('2022-01-11', 'YYYY-MM-DD'), 1691884, '완료');
INSERT INTO MASTER_ORDERS VALUES (116, 61, TO_DATE('2025-05-14', 'YYYY-MM-DD'), 918052, '완료');
INSERT INTO MASTER_ORDERS VALUES (117, 29, TO_DATE('2024-01-30', 'YYYY-MM-DD'), 172855, '반품');
INSERT INTO MASTER_ORDERS VALUES (118, 50, TO_DATE('2024-03-31', 'YYYY-MM-DD'), 1292579, '반품');
INSERT INTO MASTER_ORDERS VALUES (119, 77, TO_DATE('2022-04-28', 'YYYY-MM-DD'), 1988309, '배송중');
INSERT INTO MASTER_ORDERS VALUES (120, 57, TO_DATE('2022-01-22', 'YYYY-MM-DD'), 428010, '반품');
INSERT INTO MASTER_ORDERS VALUES (121, 5, TO_DATE('2025-05-12', 'YYYY-MM-DD'), 1075696, '반품');
INSERT INTO MASTER_ORDERS VALUES (122, 79, TO_DATE('2022-12-14', 'YYYY-MM-DD'), 1418531, '완료');
INSERT INTO MASTER_ORDERS VALUES (123, 84, TO_DATE('2022-01-01', 'YYYY-MM-DD'), 335185, '완료');
INSERT INTO MASTER_ORDERS VALUES (124, 52, TO_DATE('2023-12-25', 'YYYY-MM-DD'), 1409383, '취소');
INSERT INTO MASTER_ORDERS VALUES (125, 26, TO_DATE('2024-11-26', 'YYYY-MM-DD'), 37225, '완료');
INSERT INTO MASTER_ORDERS VALUES (126, 71, TO_DATE('2023-08-06', 'YYYY-MM-DD'), 1527823, '반품');
INSERT INTO MASTER_ORDERS VALUES (127, 45, TO_DATE('2023-12-13', 'YYYY-MM-DD'), 1715258, '준비중');
INSERT INTO MASTER_ORDERS VALUES (128, 25, TO_DATE('2024-07-20', 'YYYY-MM-DD'), 1954751, '취소');
INSERT INTO MASTER_ORDERS VALUES (129, 34, TO_DATE('2022-12-25', 'YYYY-MM-DD'), 858823, '반품');
INSERT INTO MASTER_ORDERS VALUES (130, 10, TO_DATE('2024-10-27', 'YYYY-MM-DD'), 622090, '준비중');
INSERT INTO MASTER_ORDERS VALUES (131, 66, TO_DATE('2023-06-12', 'YYYY-MM-DD'), 1842342, '반품');
INSERT INTO MASTER_ORDERS VALUES (132, 74, TO_DATE('2023-05-28', 'YYYY-MM-DD'), 1460825, '취소');
INSERT INTO MASTER_ORDERS VALUES (133, 73, TO_DATE('2024-09-17', 'YYYY-MM-DD'), 1619738, '배송중');
INSERT INTO MASTER_ORDERS VALUES (134, 59, TO_DATE('2025-10-27', 'YYYY-MM-DD'), 971200, '반품');
INSERT INTO MASTER_ORDERS VALUES (135, 62, TO_DATE('2022-08-27', 'YYYY-MM-DD'), 545687, '완료');
INSERT INTO MASTER_ORDERS VALUES (136, 29, TO_DATE('2025-10-18', 'YYYY-MM-DD'), 1475472, '배송중');
INSERT INTO MASTER_ORDERS VALUES (137, 53, TO_DATE('2023-12-25', 'YYYY-MM-DD'), NULL, '반품');
INSERT INTO MASTER_ORDERS VALUES (138, 34, TO_DATE('2023-05-24', 'YYYY-MM-DD'), 607489, '완료');
INSERT INTO MASTER_ORDERS VALUES (139, 44, TO_DATE('2022-06-05', 'YYYY-MM-DD'), 1167978, '배송중');
INSERT INTO MASTER_ORDERS VALUES (140, 46, TO_DATE('2023-03-24', 'YYYY-MM-DD'), 1880517, '반품');
INSERT INTO MASTER_ORDERS VALUES (141, 25, TO_DATE('2024-10-18', 'YYYY-MM-DD'), 1550836, '배송중');
INSERT INTO MASTER_ORDERS VALUES (142, 31, TO_DATE('2023-06-28', 'YYYY-MM-DD'), 438646, '배송중');
INSERT INTO MASTER_ORDERS VALUES (143, 32, TO_DATE('2025-06-20', 'YYYY-MM-DD'), 751643, '배송중');
INSERT INTO MASTER_ORDERS VALUES (144, 16, TO_DATE('2022-06-10', 'YYYY-MM-DD'), 1422280, '취소');
INSERT INTO MASTER_ORDERS VALUES (145, 70, TO_DATE('2022-03-28', 'YYYY-MM-DD'), 1783407, '취소');
INSERT INTO MASTER_ORDERS VALUES (146, 41, TO_DATE('2024-10-05', 'YYYY-MM-DD'), 1888496, '반품');
INSERT INTO MASTER_ORDERS VALUES (147, 63, TO_DATE('2023-01-10', 'YYYY-MM-DD'), 1607774, '반품');
INSERT INTO MASTER_ORDERS VALUES (148, 29, TO_DATE('2025-03-27', 'YYYY-MM-DD'), 273951, '완료');
INSERT INTO MASTER_ORDERS VALUES (149, 55, TO_DATE('2024-09-06', 'YYYY-MM-DD'), 1975598, '반품');
INSERT INTO MASTER_ORDERS VALUES (150, 45, TO_DATE('2024-03-17', 'YYYY-MM-DD'), 1809389, '배송중');
INSERT INTO MASTER_ORDERS VALUES (151, 16, TO_DATE('2025-12-01', 'YYYY-MM-DD'), 1091754, '취소');
INSERT INTO MASTER_ORDERS VALUES (152, 2, TO_DATE('2022-01-25', 'YYYY-MM-DD'), 1418696, '배송중');
INSERT INTO MASTER_ORDERS VALUES (153, 13, TO_DATE('2023-10-29', 'YYYY-MM-DD'), 763335, '반품');
INSERT INTO MASTER_ORDERS VALUES (154, 24, TO_DATE('2025-01-28', 'YYYY-MM-DD'), 556234, '배송중');
INSERT INTO MASTER_ORDERS VALUES (155, 79, TO_DATE('2023-12-04', 'YYYY-MM-DD'), 772398, '배송중');
INSERT INTO MASTER_ORDERS VALUES (156, 27, TO_DATE('2024-05-08', 'YYYY-MM-DD'), 1474500, '준비중');
INSERT INTO MASTER_ORDERS VALUES (157, 52, TO_DATE('2023-07-27', 'YYYY-MM-DD'), 950247, '배송중');
INSERT INTO MASTER_ORDERS VALUES (158, 74, TO_DATE('2025-11-05', 'YYYY-MM-DD'), 484339, '완료');
INSERT INTO MASTER_ORDERS VALUES (159, 31, TO_DATE('2025-02-11', 'YYYY-MM-DD'), 911428, '취소');
INSERT INTO MASTER_ORDERS VALUES (160, 20, TO_DATE('2024-08-26', 'YYYY-MM-DD'), 1694609, '완료');
INSERT INTO MASTER_ORDERS VALUES (161, 64, TO_DATE('2022-10-03', 'YYYY-MM-DD'), 1878323, '반품');
INSERT INTO MASTER_ORDERS VALUES (162, 41, TO_DATE('2024-09-23', 'YYYY-MM-DD'), 634217, '준비중');
INSERT INTO MASTER_ORDERS VALUES (163, 73, TO_DATE('2022-04-08', 'YYYY-MM-DD'), 840509, '완료');
INSERT INTO MASTER_ORDERS VALUES (164, 8, TO_DATE('2023-03-18', 'YYYY-MM-DD'), 1711700, '준비중');
INSERT INTO MASTER_ORDERS VALUES (165, 81, TO_DATE('2022-07-17', 'YYYY-MM-DD'), 948413, '준비중');
INSERT INTO MASTER_ORDERS VALUES (166, 47, TO_DATE('2025-02-21', 'YYYY-MM-DD'), 1174144, '준비중');
INSERT INTO MASTER_ORDERS VALUES (167, 53, TO_DATE('2022-09-06', 'YYYY-MM-DD'), 741290, '반품');
INSERT INTO MASTER_ORDERS VALUES (168, 74, TO_DATE('2025-08-23', 'YYYY-MM-DD'), 1366326, '반품');
INSERT INTO MASTER_ORDERS VALUES (169, 37, TO_DATE('2023-12-29', 'YYYY-MM-DD'), 686763, '반품');
INSERT INTO MASTER_ORDERS VALUES (170, 58, TO_DATE('2022-06-10', 'YYYY-MM-DD'), 804163, '반품');
INSERT INTO MASTER_ORDERS VALUES (171, 81, TO_DATE('2022-10-24', 'YYYY-MM-DD'), 1825868, '배송중');
INSERT INTO MASTER_ORDERS VALUES (172, 44, TO_DATE('2024-05-13', 'YYYY-MM-DD'), 1328876, '반품');
INSERT INTO MASTER_ORDERS VALUES (173, 10, TO_DATE('2022-06-12', 'YYYY-MM-DD'), 344737, '준비중');
INSERT INTO MASTER_ORDERS VALUES (174, 41, TO_DATE('2025-08-30', 'YYYY-MM-DD'), 616018, '준비중');
INSERT INTO MASTER_ORDERS VALUES (175, 51, TO_DATE('2023-07-10', 'YYYY-MM-DD'), 1866624, '취소');
INSERT INTO MASTER_ORDERS VALUES (176, 47, TO_DATE('2025-04-17', 'YYYY-MM-DD'), 1097481, '취소');
INSERT INTO MASTER_ORDERS VALUES (177, 24, TO_DATE('2022-02-17', 'YYYY-MM-DD'), 267227, '배송중');
INSERT INTO MASTER_ORDERS VALUES (178, 11, TO_DATE('2023-03-08', 'YYYY-MM-DD'), 355036, '취소');
INSERT INTO MASTER_ORDERS VALUES (179, 9, TO_DATE('2024-08-27', 'YYYY-MM-DD'), 1155148, '완료');
INSERT INTO MASTER_ORDERS VALUES (180, 51, TO_DATE('2024-12-09', 'YYYY-MM-DD'), 1609313, '완료');
INSERT INTO MASTER_ORDERS VALUES (181, 80, TO_DATE('2022-11-15', 'YYYY-MM-DD'), 181813, '취소');
INSERT INTO MASTER_ORDERS VALUES (182, 32, TO_DATE('2023-08-05', 'YYYY-MM-DD'), 934374, '배송중');
INSERT INTO MASTER_ORDERS VALUES (183, 22, TO_DATE('2022-02-28', 'YYYY-MM-DD'), 78725, '준비중');
INSERT INTO MASTER_ORDERS VALUES (184, 42, TO_DATE('2024-09-02', 'YYYY-MM-DD'), 984775, '반품');
INSERT INTO MASTER_ORDERS VALUES (185, 71, TO_DATE('2024-06-30', 'YYYY-MM-DD'), 288356, '반품');
INSERT INTO MASTER_ORDERS VALUES (186, 77, TO_DATE('2024-07-24', 'YYYY-MM-DD'), 1328402, '반품');
INSERT INTO MASTER_ORDERS VALUES (187, 82, TO_DATE('2025-08-02', 'YYYY-MM-DD'), 1124426, '준비중');
INSERT INTO MASTER_ORDERS VALUES (188, 62, TO_DATE('2025-01-10', 'YYYY-MM-DD'), 481322, '완료');
INSERT INTO MASTER_ORDERS VALUES (189, 47, TO_DATE('2024-04-24', 'YYYY-MM-DD'), 549854, '배송중');
INSERT INTO MASTER_ORDERS VALUES (190, 1, TO_DATE('2024-12-07', 'YYYY-MM-DD'), 1714975, '배송중');
INSERT INTO MASTER_ORDERS VALUES (191, 61, TO_DATE('2024-12-31', 'YYYY-MM-DD'), 22442, '취소');
INSERT INTO MASTER_ORDERS VALUES (192, 62, TO_DATE('2023-09-06', 'YYYY-MM-DD'), 24152, '취소');
INSERT INTO MASTER_ORDERS VALUES (193, 77, TO_DATE('2023-04-19', 'YYYY-MM-DD'), 1675942, '완료');
INSERT INTO MASTER_ORDERS VALUES (194, 25, TO_DATE('2024-04-23', 'YYYY-MM-DD'), 1855027, '반품');
INSERT INTO MASTER_ORDERS VALUES (195, 32, TO_DATE('2022-12-01', 'YYYY-MM-DD'), 1504333, '취소');
INSERT INTO MASTER_ORDERS VALUES (196, 29, TO_DATE('2023-06-23', 'YYYY-MM-DD'), 171114, '취소');
INSERT INTO MASTER_ORDERS VALUES (197, 67, TO_DATE('2025-06-09', 'YYYY-MM-DD'), 1698607, '준비중');
INSERT INTO MASTER_ORDERS VALUES (198, 69, TO_DATE('2023-07-05', 'YYYY-MM-DD'), 870922, '배송중');
INSERT INTO MASTER_ORDERS VALUES (199, 24, TO_DATE('2022-10-07', 'YYYY-MM-DD'), 612325, '완료');
INSERT INTO MASTER_ORDERS VALUES (200, 80, TO_DATE('2024-07-16', 'YYYY-MM-DD'), 575706, '반품');
INSERT INTO MASTER_ORDERS VALUES (201, 42, TO_DATE('2022-02-09', 'YYYY-MM-DD'), 324080, '완료');
INSERT INTO MASTER_ORDERS VALUES (202, 3, TO_DATE('2023-01-16', 'YYYY-MM-DD'), 219483, '준비중');
INSERT INTO MASTER_ORDERS VALUES (203, 57, TO_DATE('2022-01-17', 'YYYY-MM-DD'), 493239, '완료');
INSERT INTO MASTER_ORDERS VALUES (204, 64, TO_DATE('2023-03-21', 'YYYY-MM-DD'), 722043, '취소');
INSERT INTO MASTER_ORDERS VALUES (205, 64, TO_DATE('2024-01-31', 'YYYY-MM-DD'), 977416, '완료');
INSERT INTO MASTER_ORDERS VALUES (206, 19, TO_DATE('2022-04-25', 'YYYY-MM-DD'), 563898, '취소');
INSERT INTO MASTER_ORDERS VALUES (207, 61, TO_DATE('2023-01-07', 'YYYY-MM-DD'), 408056, '준비중');
INSERT INTO MASTER_ORDERS VALUES (208, 2, TO_DATE('2022-09-07', 'YYYY-MM-DD'), 1615918, '배송중');
INSERT INTO MASTER_ORDERS VALUES (209, 57, TO_DATE('2023-05-22', 'YYYY-MM-DD'), 1551899, '완료');
INSERT INTO MASTER_ORDERS VALUES (210, 13, TO_DATE('2024-12-03', 'YYYY-MM-DD'), 1401719, '배송중');
INSERT INTO MASTER_ORDERS VALUES (211, 40, TO_DATE('2023-10-24', 'YYYY-MM-DD'), 337632, '완료');
INSERT INTO MASTER_ORDERS VALUES (212, 71, TO_DATE('2024-12-02', 'YYYY-MM-DD'), 261149, '준비중');
INSERT INTO MASTER_ORDERS VALUES (213, 39, TO_DATE('2023-02-11', 'YYYY-MM-DD'), 760869, '완료');
INSERT INTO MASTER_ORDERS VALUES (214, 28, TO_DATE('2022-08-20', 'YYYY-MM-DD'), 499856, '취소');
INSERT INTO MASTER_ORDERS VALUES (215, 22, TO_DATE('2023-07-20', 'YYYY-MM-DD'), 1231198, '완료');
INSERT INTO MASTER_ORDERS VALUES (216, 32, TO_DATE('2022-01-19', 'YYYY-MM-DD'), 93066, '반품');
INSERT INTO MASTER_ORDERS VALUES (217, 61, TO_DATE('2025-11-10', 'YYYY-MM-DD'), 1255347, '배송중');
INSERT INTO MASTER_ORDERS VALUES (218, 12, TO_DATE('2023-05-25', 'YYYY-MM-DD'), 335717, '취소');
INSERT INTO MASTER_ORDERS VALUES (219, 80, TO_DATE('2023-11-25', 'YYYY-MM-DD'), 1957131, '완료');
INSERT INTO MASTER_ORDERS VALUES (220, 83, TO_DATE('2022-11-12', 'YYYY-MM-DD'), 1475791, '반품');
INSERT INTO MASTER_ORDERS VALUES (221, 17, TO_DATE('2024-09-26', 'YYYY-MM-DD'), 492954, '준비중');
INSERT INTO MASTER_ORDERS VALUES (222, 83, TO_DATE('2023-12-13', 'YYYY-MM-DD'), 1694309, '취소');
INSERT INTO MASTER_ORDERS VALUES (223, 3, TO_DATE('2025-11-12', 'YYYY-MM-DD'), 797238, '준비중');
INSERT INTO MASTER_ORDERS VALUES (224, 33, TO_DATE('2022-03-22', 'YYYY-MM-DD'), 1022752, '취소');
INSERT INTO MASTER_ORDERS VALUES (225, 70, TO_DATE('2025-11-28', 'YYYY-MM-DD'), 1032797, '배송중');
INSERT INTO MASTER_ORDERS VALUES (226, 70, TO_DATE('2023-12-14', 'YYYY-MM-DD'), 683807, '취소');
INSERT INTO MASTER_ORDERS VALUES (227, 77, TO_DATE('2025-02-09', 'YYYY-MM-DD'), 341264, '완료');
INSERT INTO MASTER_ORDERS VALUES (228, 58, TO_DATE('2023-08-29', 'YYYY-MM-DD'), 1723445, '준비중');
INSERT INTO MASTER_ORDERS VALUES (229, 59, TO_DATE('2022-01-02', 'YYYY-MM-DD'), 1632217, '반품');
INSERT INTO MASTER_ORDERS VALUES (230, 24, TO_DATE('2022-02-08', 'YYYY-MM-DD'), 1304677, '준비중');
INSERT INTO MASTER_ORDERS VALUES (231, 31, TO_DATE('2023-10-19', 'YYYY-MM-DD'), 1517054, '완료');
INSERT INTO MASTER_ORDERS VALUES (232, 69, TO_DATE('2024-03-04', 'YYYY-MM-DD'), 403185, '반품');
INSERT INTO MASTER_ORDERS VALUES (233, 71, TO_DATE('2022-11-12', 'YYYY-MM-DD'), 1290636, '준비중');
INSERT INTO MASTER_ORDERS VALUES (234, 83, TO_DATE('2023-10-22', 'YYYY-MM-DD'), 236660, '완료');
INSERT INTO MASTER_ORDERS VALUES (235, 9, TO_DATE('2022-03-31', 'YYYY-MM-DD'), 1756527, '배송중');
INSERT INTO MASTER_ORDERS VALUES (236, 5, TO_DATE('2023-02-18', 'YYYY-MM-DD'), 229510, '취소');
INSERT INTO MASTER_ORDERS VALUES (237, 5, TO_DATE('2025-03-15', 'YYYY-MM-DD'), 1350850, '취소');
INSERT INTO MASTER_ORDERS VALUES (238, 68, TO_DATE('2025-07-01', 'YYYY-MM-DD'), 1475762, '반품');
INSERT INTO MASTER_ORDERS VALUES (239, 47, TO_DATE('2023-03-29', 'YYYY-MM-DD'), NULL, '완료');
INSERT INTO MASTER_ORDERS VALUES (240, 27, TO_DATE('2025-09-04', 'YYYY-MM-DD'), 1035552, '완료');
INSERT INTO MASTER_ORDERS VALUES (241, 82, TO_DATE('2022-05-05', 'YYYY-MM-DD'), 761916, '반품');
INSERT INTO MASTER_ORDERS VALUES (242, 54, TO_DATE('2024-01-26', 'YYYY-MM-DD'), 1670662, '완료');
INSERT INTO MASTER_ORDERS VALUES (243, 35, TO_DATE('2024-12-19', 'YYYY-MM-DD'), 90255, '완료');
INSERT INTO MASTER_ORDERS VALUES (244, 10, TO_DATE('2023-03-19', 'YYYY-MM-DD'), 1094439, '완료');
INSERT INTO MASTER_ORDERS VALUES (245, 30, TO_DATE('2024-12-24', 'YYYY-MM-DD'), 813097, '배송중');
INSERT INTO MASTER_ORDERS VALUES (246, 85, TO_DATE('2023-05-25', 'YYYY-MM-DD'), 1200434, '배송중');
INSERT INTO MASTER_ORDERS VALUES (247, 72, TO_DATE('2024-04-30', 'YYYY-MM-DD'), 1569702, '완료');
INSERT INTO MASTER_ORDERS VALUES (248, 74, TO_DATE('2024-01-04', 'YYYY-MM-DD'), 1419513, '취소');
INSERT INTO MASTER_ORDERS VALUES (249, 55, TO_DATE('2022-08-02', 'YYYY-MM-DD'), 354824, '배송중');
INSERT INTO MASTER_ORDERS VALUES (250, 65, TO_DATE('2023-11-23', 'YYYY-MM-DD'), 1383944, '배송중');
INSERT INTO MASTER_ORDERS VALUES (251, 77, TO_DATE('2024-06-26', 'YYYY-MM-DD'), 1962733, '준비중');
INSERT INTO MASTER_ORDERS VALUES (252, 71, TO_DATE('2023-10-27', 'YYYY-MM-DD'), 1776787, '준비중');
INSERT INTO MASTER_ORDERS VALUES (253, 82, TO_DATE('2024-05-31', 'YYYY-MM-DD'), 1737572, '준비중');
INSERT INTO MASTER_ORDERS VALUES (254, 73, TO_DATE('2025-01-22', 'YYYY-MM-DD'), 453639, '취소');
INSERT INTO MASTER_ORDERS VALUES (255, 33, TO_DATE('2024-01-08', 'YYYY-MM-DD'), 953758, '취소');
INSERT INTO MASTER_ORDERS VALUES (256, 1, TO_DATE('2022-03-12', 'YYYY-MM-DD'), NULL, '반품');
INSERT INTO MASTER_ORDERS VALUES (257, 18, TO_DATE('2023-09-11', 'YYYY-MM-DD'), 18775, '준비중');
INSERT INTO MASTER_ORDERS VALUES (258, 28, TO_DATE('2023-10-07', 'YYYY-MM-DD'), 50511, '준비중');
INSERT INTO MASTER_ORDERS VALUES (259, 66, TO_DATE('2025-02-13', 'YYYY-MM-DD'), 1201777, '반품');
INSERT INTO MASTER_ORDERS VALUES (260, 5, TO_DATE('2024-07-31', 'YYYY-MM-DD'), 750864, '배송중');
INSERT INTO MASTER_ORDERS VALUES (261, 47, TO_DATE('2025-04-07', 'YYYY-MM-DD'), 528987, '배송중');
INSERT INTO MASTER_ORDERS VALUES (262, 39, TO_DATE('2022-07-08', 'YYYY-MM-DD'), 1201398, '취소');
INSERT INTO MASTER_ORDERS VALUES (263, 28, TO_DATE('2022-06-08', 'YYYY-MM-DD'), 1522458, '준비중');
INSERT INTO MASTER_ORDERS VALUES (264, 23, TO_DATE('2024-09-26', 'YYYY-MM-DD'), 1736629, '반품');
INSERT INTO MASTER_ORDERS VALUES (265, 13, TO_DATE('2025-05-04', 'YYYY-MM-DD'), 1351905, '준비중');
INSERT INTO MASTER_ORDERS VALUES (266, 74, TO_DATE('2024-02-21', 'YYYY-MM-DD'), 169579, '완료');
INSERT INTO MASTER_ORDERS VALUES (267, 43, TO_DATE('2023-12-14', 'YYYY-MM-DD'), 1850058, '취소');
INSERT INTO MASTER_ORDERS VALUES (268, 16, TO_DATE('2023-04-10', 'YYYY-MM-DD'), 1572995, '반품');
INSERT INTO MASTER_ORDERS VALUES (269, 82, TO_DATE('2025-07-18', 'YYYY-MM-DD'), 807133, '완료');
INSERT INTO MASTER_ORDERS VALUES (270, 6, TO_DATE('2023-10-16', 'YYYY-MM-DD'), 1137314, '반품');
INSERT INTO MASTER_ORDERS VALUES (271, 65, TO_DATE('2025-11-30', 'YYYY-MM-DD'), 468045, '배송중');
INSERT INTO MASTER_ORDERS VALUES (272, 51, TO_DATE('2024-07-01', 'YYYY-MM-DD'), 1583820, '반품');
INSERT INTO MASTER_ORDERS VALUES (273, 12, TO_DATE('2023-03-31', 'YYYY-MM-DD'), 910834, '준비중');
INSERT INTO MASTER_ORDERS VALUES (274, 19, TO_DATE('2022-09-28', 'YYYY-MM-DD'), 709995, '완료');
INSERT INTO MASTER_ORDERS VALUES (275, 7, TO_DATE('2025-01-27', 'YYYY-MM-DD'), 842164, '준비중');
INSERT INTO MASTER_ORDERS VALUES (276, 65, TO_DATE('2024-06-08', 'YYYY-MM-DD'), 1627828, '배송중');
INSERT INTO MASTER_ORDERS VALUES (277, 62, TO_DATE('2025-02-19', 'YYYY-MM-DD'), 420463, '취소');
INSERT INTO MASTER_ORDERS VALUES (278, 74, TO_DATE('2023-02-06', 'YYYY-MM-DD'), 1181853, '반품');
INSERT INTO MASTER_ORDERS VALUES (279, 68, TO_DATE('2023-05-20', 'YYYY-MM-DD'), 513171, '완료');
INSERT INTO MASTER_ORDERS VALUES (280, 56, TO_DATE('2023-10-25', 'YYYY-MM-DD'), 1440999, '반품');
INSERT INTO MASTER_ORDERS VALUES (281, 53, TO_DATE('2024-05-17', 'YYYY-MM-DD'), 771021, '준비중');
INSERT INTO MASTER_ORDERS VALUES (282, 45, TO_DATE('2025-05-01', 'YYYY-MM-DD'), 1379494, '완료');
INSERT INTO MASTER_ORDERS VALUES (283, 22, TO_DATE('2023-12-18', 'YYYY-MM-DD'), 1297309, '취소');
INSERT INTO MASTER_ORDERS VALUES (284, 57, TO_DATE('2022-04-02', 'YYYY-MM-DD'), 1943215, '배송중');
INSERT INTO MASTER_ORDERS VALUES (285, 48, TO_DATE('2022-11-16', 'YYYY-MM-DD'), 1594082, '완료');
INSERT INTO MASTER_ORDERS VALUES (286, 7, TO_DATE('2023-05-13', 'YYYY-MM-DD'), 1995073, '반품');
INSERT INTO MASTER_ORDERS VALUES (287, 37, TO_DATE('2022-01-29', 'YYYY-MM-DD'), 724892, '완료');
INSERT INTO MASTER_ORDERS VALUES (288, 61, TO_DATE('2022-02-16', 'YYYY-MM-DD'), 700995, '배송중');
INSERT INTO MASTER_ORDERS VALUES (289, 28, TO_DATE('2023-02-22', 'YYYY-MM-DD'), 1150934, '반품');
INSERT INTO MASTER_ORDERS VALUES (290, 71, TO_DATE('2024-09-16', 'YYYY-MM-DD'), 1311613, '배송중');
INSERT INTO MASTER_ORDERS VALUES (291, 3, TO_DATE('2024-02-11', 'YYYY-MM-DD'), 1227649, '반품');
INSERT INTO MASTER_ORDERS VALUES (292, 22, TO_DATE('2022-05-04', 'YYYY-MM-DD'), 600619, '배송중');
INSERT INTO MASTER_ORDERS VALUES (293, 80, TO_DATE('2023-07-10', 'YYYY-MM-DD'), 116327, '취소');
INSERT INTO MASTER_ORDERS VALUES (294, 2, TO_DATE('2022-05-17', 'YYYY-MM-DD'), 820047, '준비중');
INSERT INTO MASTER_ORDERS VALUES (295, 85, TO_DATE('2024-01-08', 'YYYY-MM-DD'), NULL, '완료');
INSERT INTO MASTER_ORDERS VALUES (296, 84, TO_DATE('2024-03-02', 'YYYY-MM-DD'), 489795, '취소');
INSERT INTO MASTER_ORDERS VALUES (297, 13, TO_DATE('2023-10-09', 'YYYY-MM-DD'), 1021410, '반품');
INSERT INTO MASTER_ORDERS VALUES (298, 24, TO_DATE('2023-02-12', 'YYYY-MM-DD'), 1054940, '취소');
INSERT INTO MASTER_ORDERS VALUES (299, 3, TO_DATE('2022-03-23', 'YYYY-MM-DD'), 523818, '반품');
INSERT INTO MASTER_ORDERS VALUES (300, 63, TO_DATE('2024-03-16', 'YYYY-MM-DD'), NULL, '배송중');
INSERT INTO MASTER_ORDERS VALUES (301, 46, TO_DATE('2023-12-29', 'YYYY-MM-DD'), 1316204, '준비중');
INSERT INTO MASTER_ORDERS VALUES (302, 65, TO_DATE('2023-07-19', 'YYYY-MM-DD'), 1707662, '완료');
INSERT INTO MASTER_ORDERS VALUES (303, 50, TO_DATE('2022-03-02', 'YYYY-MM-DD'), 1984998, '반품');
INSERT INTO MASTER_ORDERS VALUES (304, 29, TO_DATE('2022-11-07', 'YYYY-MM-DD'), 721777, '취소');
INSERT INTO MASTER_ORDERS VALUES (305, 12, TO_DATE('2024-02-22', 'YYYY-MM-DD'), 1097024, '반품');
INSERT INTO MASTER_ORDERS VALUES (306, 30, TO_DATE('2024-05-04', 'YYYY-MM-DD'), 509073, '반품');
INSERT INTO MASTER_ORDERS VALUES (307, 40, TO_DATE('2025-05-24', 'YYYY-MM-DD'), 695560, '취소');
INSERT INTO MASTER_ORDERS VALUES (308, 27, TO_DATE('2025-08-29', 'YYYY-MM-DD'), 295616, '반품');
INSERT INTO MASTER_ORDERS VALUES (309, 26, TO_DATE('2022-10-10', 'YYYY-MM-DD'), 653016, '반품');
INSERT INTO MASTER_ORDERS VALUES (310, 56, TO_DATE('2022-10-25', 'YYYY-MM-DD'), 1381217, '반품');
INSERT INTO MASTER_ORDERS VALUES (311, 41, TO_DATE('2022-05-19', 'YYYY-MM-DD'), 1173827, '반품');
INSERT INTO MASTER_ORDERS VALUES (312, 16, TO_DATE('2023-01-13', 'YYYY-MM-DD'), 671050, '배송중');
INSERT INTO MASTER_ORDERS VALUES (313, 41, TO_DATE('2024-04-27', 'YYYY-MM-DD'), 867457, '준비중');
INSERT INTO MASTER_ORDERS VALUES (314, 82, TO_DATE('2023-07-15', 'YYYY-MM-DD'), 323677, '배송중');
INSERT INTO MASTER_ORDERS VALUES (315, 24, TO_DATE('2022-02-23', 'YYYY-MM-DD'), 1603968, '반품');
INSERT INTO MASTER_ORDERS VALUES (316, 78, TO_DATE('2025-03-07', 'YYYY-MM-DD'), 1289216, '배송중');
INSERT INTO MASTER_ORDERS VALUES (317, 30, TO_DATE('2025-11-08', 'YYYY-MM-DD'), 59703, '준비중');
INSERT INTO MASTER_ORDERS VALUES (318, 62, TO_DATE('2022-10-02', 'YYYY-MM-DD'), 1058451, '반품');
INSERT INTO MASTER_ORDERS VALUES (319, 84, TO_DATE('2024-02-05', 'YYYY-MM-DD'), 390826, '취소');
INSERT INTO MASTER_ORDERS VALUES (320, 18, TO_DATE('2022-12-02', 'YYYY-MM-DD'), 410295, '배송중');
INSERT INTO MASTER_ORDERS VALUES (321, 2, TO_DATE('2023-07-07', 'YYYY-MM-DD'), 1997709, '취소');
INSERT INTO MASTER_ORDERS VALUES (322, 26, TO_DATE('2023-02-23', 'YYYY-MM-DD'), 143697, '배송중');
INSERT INTO MASTER_ORDERS VALUES (323, 57, TO_DATE('2025-06-17', 'YYYY-MM-DD'), 1032484, '준비중');
INSERT INTO MASTER_ORDERS VALUES (324, 32, TO_DATE('2024-05-25', 'YYYY-MM-DD'), 854067, '완료');
INSERT INTO MASTER_ORDERS VALUES (325, 49, TO_DATE('2023-10-03', 'YYYY-MM-DD'), 831593, '반품');
INSERT INTO MASTER_ORDERS VALUES (326, 74, TO_DATE('2025-05-01', 'YYYY-MM-DD'), 1129407, '반품');
INSERT INTO MASTER_ORDERS VALUES (327, 5, TO_DATE('2024-12-02', 'YYYY-MM-DD'), 234252, '취소');
INSERT INTO MASTER_ORDERS VALUES (328, 6, TO_DATE('2023-05-19', 'YYYY-MM-DD'), 1092798, '반품');
INSERT INTO MASTER_ORDERS VALUES (329, 6, TO_DATE('2025-02-16', 'YYYY-MM-DD'), 817432, '반품');
INSERT INTO MASTER_ORDERS VALUES (330, 7, TO_DATE('2023-01-24', 'YYYY-MM-DD'), 615647, '취소');
INSERT INTO MASTER_ORDERS VALUES (331, 39, TO_DATE('2023-08-09', 'YYYY-MM-DD'), 972515, '배송중');
INSERT INTO MASTER_ORDERS VALUES (332, 79, TO_DATE('2022-04-22', 'YYYY-MM-DD'), 1451936, '반품');
INSERT INTO MASTER_ORDERS VALUES (333, 60, TO_DATE('2025-08-16', 'YYYY-MM-DD'), 952279, '완료');
INSERT INTO MASTER_ORDERS VALUES (334, 15, TO_DATE('2023-01-04', 'YYYY-MM-DD'), 1638117, '반품');
INSERT INTO MASTER_ORDERS VALUES (335, 70, TO_DATE('2022-10-05', 'YYYY-MM-DD'), 829320, '취소');
INSERT INTO MASTER_ORDERS VALUES (336, 4, TO_DATE('2023-01-02', 'YYYY-MM-DD'), 956437, '반품');
INSERT INTO MASTER_ORDERS VALUES (337, 26, TO_DATE('2024-07-20', 'YYYY-MM-DD'), 194120, '준비중');
INSERT INTO MASTER_ORDERS VALUES (338, 84, TO_DATE('2025-12-28', 'YYYY-MM-DD'), 1675352, '배송중');
INSERT INTO MASTER_ORDERS VALUES (339, 16, TO_DATE('2022-07-06', 'YYYY-MM-DD'), 244421, '취소');
INSERT INTO MASTER_ORDERS VALUES (340, 11, TO_DATE('2024-12-08', 'YYYY-MM-DD'), 1488271, '취소');
INSERT INTO MASTER_ORDERS VALUES (341, 66, TO_DATE('2025-06-07', 'YYYY-MM-DD'), 1996778, '배송중');
INSERT INTO MASTER_ORDERS VALUES (342, 49, TO_DATE('2022-03-31', 'YYYY-MM-DD'), 1616158, '배송중');
INSERT INTO MASTER_ORDERS VALUES (343, 73, TO_DATE('2025-09-12', 'YYYY-MM-DD'), 1814155, '배송중');
INSERT INTO MASTER_ORDERS VALUES (344, 19, TO_DATE('2023-01-02', 'YYYY-MM-DD'), 1618038, '완료');
INSERT INTO MASTER_ORDERS VALUES (345, 40, TO_DATE('2024-07-02', 'YYYY-MM-DD'), 610616, '배송중');
INSERT INTO MASTER_ORDERS VALUES (346, 17, TO_DATE('2023-02-20', 'YYYY-MM-DD'), 12409, '반품');
INSERT INTO MASTER_ORDERS VALUES (347, 2, TO_DATE('2024-07-28', 'YYYY-MM-DD'), 1048600, '취소');
INSERT INTO MASTER_ORDERS VALUES (348, 1, TO_DATE('2025-05-30', 'YYYY-MM-DD'), 1856162, '취소');
INSERT INTO MASTER_ORDERS VALUES (349, 76, TO_DATE('2025-09-12', 'YYYY-MM-DD'), 1002640, '취소');
INSERT INTO MASTER_ORDERS VALUES (350, 11, TO_DATE('2025-05-16', 'YYYY-MM-DD'), 1263505, '완료');
INSERT INTO MASTER_ORDERS VALUES (351, 71, TO_DATE('2023-07-24', 'YYYY-MM-DD'), 1304743, '반품');
INSERT INTO MASTER_ORDERS VALUES (352, 27, TO_DATE('2022-04-11', 'YYYY-MM-DD'), 392637, '배송중');
INSERT INTO MASTER_ORDERS VALUES (353, 45, TO_DATE('2022-03-17', 'YYYY-MM-DD'), 309872, '완료');
INSERT INTO MASTER_ORDERS VALUES (354, 78, TO_DATE('2023-09-04', 'YYYY-MM-DD'), 699390, '완료');
INSERT INTO MASTER_ORDERS VALUES (355, 54, TO_DATE('2023-01-01', 'YYYY-MM-DD'), 343344, '준비중');
INSERT INTO MASTER_ORDERS VALUES (356, 77, TO_DATE('2025-03-18', 'YYYY-MM-DD'), 1656103, '반품');
INSERT INTO MASTER_ORDERS VALUES (357, 59, TO_DATE('2025-03-31', 'YYYY-MM-DD'), 760370, '완료');
INSERT INTO MASTER_ORDERS VALUES (358, 39, TO_DATE('2023-10-24', 'YYYY-MM-DD'), 777946, '취소');
INSERT INTO MASTER_ORDERS VALUES (359, 55, TO_DATE('2025-02-01', 'YYYY-MM-DD'), 141159, '준비중');
INSERT INTO MASTER_ORDERS VALUES (360, 16, TO_DATE('2025-11-23', 'YYYY-MM-DD'), 1807309, '준비중');
INSERT INTO MASTER_ORDERS VALUES (361, 53, TO_DATE('2024-12-10', 'YYYY-MM-DD'), 445077, '배송중');
INSERT INTO MASTER_ORDERS VALUES (362, 14, TO_DATE('2025-03-16', 'YYYY-MM-DD'), 1535351, '반품');
INSERT INTO MASTER_ORDERS VALUES (363, 62, TO_DATE('2025-11-11', 'YYYY-MM-DD'), 1273311, '준비중');
INSERT INTO MASTER_ORDERS VALUES (364, 41, TO_DATE('2023-06-16', 'YYYY-MM-DD'), 1106825, '반품');
INSERT INTO MASTER_ORDERS VALUES (365, 46, TO_DATE('2022-09-23', 'YYYY-MM-DD'), 1293259, '반품');
INSERT INTO MASTER_ORDERS VALUES (366, 81, TO_DATE('2024-10-16', 'YYYY-MM-DD'), 1037856, '배송중');
INSERT INTO MASTER_ORDERS VALUES (367, 30, TO_DATE('2025-12-22', 'YYYY-MM-DD'), NULL, '배송중');
INSERT INTO MASTER_ORDERS VALUES (368, 4, TO_DATE('2024-08-10', 'YYYY-MM-DD'), 1316686, '완료');
INSERT INTO MASTER_ORDERS VALUES (369, 27, TO_DATE('2025-06-14', 'YYYY-MM-DD'), 874546, '취소');
INSERT INTO MASTER_ORDERS VALUES (370, 45, TO_DATE('2025-02-21', 'YYYY-MM-DD'), NULL, '배송중');
INSERT INTO MASTER_ORDERS VALUES (371, 26, TO_DATE('2025-11-14', 'YYYY-MM-DD'), 595614, '준비중');
INSERT INTO MASTER_ORDERS VALUES (372, 40, TO_DATE('2023-09-07', 'YYYY-MM-DD'), 1067605, '반품');
INSERT INTO MASTER_ORDERS VALUES (373, 1, TO_DATE('2022-08-22', 'YYYY-MM-DD'), 1443301, '준비중');
INSERT INTO MASTER_ORDERS VALUES (374, 73, TO_DATE('2025-06-15', 'YYYY-MM-DD'), 66063, '배송중');
INSERT INTO MASTER_ORDERS VALUES (375, 44, TO_DATE('2025-10-09', 'YYYY-MM-DD'), 1009762, '취소');
INSERT INTO MASTER_ORDERS VALUES (376, 83, TO_DATE('2022-10-06', 'YYYY-MM-DD'), 1014769, '배송중');
INSERT INTO MASTER_ORDERS VALUES (377, 69, TO_DATE('2023-11-18', 'YYYY-MM-DD'), 974870, '취소');
INSERT INTO MASTER_ORDERS VALUES (378, 8, TO_DATE('2024-12-03', 'YYYY-MM-DD'), 632769, '반품');
INSERT INTO MASTER_ORDERS VALUES (379, 41, TO_DATE('2025-02-11', 'YYYY-MM-DD'), 1128833, '완료');
INSERT INTO MASTER_ORDERS VALUES (380, 43, TO_DATE('2023-12-26', 'YYYY-MM-DD'), 143858, '배송중');
INSERT INTO MASTER_ORDERS VALUES (381, 4, TO_DATE('2023-11-26', 'YYYY-MM-DD'), 791936, '반품');
INSERT INTO MASTER_ORDERS VALUES (382, 74, TO_DATE('2025-05-25', 'YYYY-MM-DD'), 821979, '배송중');
INSERT INTO MASTER_ORDERS VALUES (383, 40, TO_DATE('2025-12-15', 'YYYY-MM-DD'), 1803977, '준비중');
INSERT INTO MASTER_ORDERS VALUES (384, 35, TO_DATE('2024-04-27', 'YYYY-MM-DD'), 187028, '취소');
INSERT INTO MASTER_ORDERS VALUES (385, 48, TO_DATE('2024-07-14', 'YYYY-MM-DD'), 1744498, '준비중');
INSERT INTO MASTER_ORDERS VALUES (386, 39, TO_DATE('2022-12-25', 'YYYY-MM-DD'), 240366, '준비중');
INSERT INTO MASTER_ORDERS VALUES (387, 26, TO_DATE('2022-07-09', 'YYYY-MM-DD'), 935661, '반품');
INSERT INTO MASTER_ORDERS VALUES (388, 62, TO_DATE('2024-10-21', 'YYYY-MM-DD'), 328124, '배송중');
INSERT INTO MASTER_ORDERS VALUES (389, 62, TO_DATE('2024-12-08', 'YYYY-MM-DD'), 655869, '준비중');
INSERT INTO MASTER_ORDERS VALUES (390, 13, TO_DATE('2024-11-23', 'YYYY-MM-DD'), 1424179, '배송중');
INSERT INTO MASTER_ORDERS VALUES (391, 5, TO_DATE('2024-07-29', 'YYYY-MM-DD'), 817831, '반품');
INSERT INTO MASTER_ORDERS VALUES (392, 40, TO_DATE('2022-04-01', 'YYYY-MM-DD'), 1445853, '반품');
INSERT INTO MASTER_ORDERS VALUES (393, 43, TO_DATE('2024-08-14', 'YYYY-MM-DD'), 1869757, '완료');
INSERT INTO MASTER_ORDERS VALUES (394, 85, TO_DATE('2023-10-02', 'YYYY-MM-DD'), 52144, '반품');
INSERT INTO MASTER_ORDERS VALUES (395, 82, TO_DATE('2023-03-06', 'YYYY-MM-DD'), 677934, '배송중');
INSERT INTO MASTER_ORDERS VALUES (396, 36, TO_DATE('2024-12-26', 'YYYY-MM-DD'), 674305, '취소');
INSERT INTO MASTER_ORDERS VALUES (397, 35, TO_DATE('2022-11-02', 'YYYY-MM-DD'), 335293, '준비중');
INSERT INTO MASTER_ORDERS VALUES (398, 80, TO_DATE('2025-02-20', 'YYYY-MM-DD'), 1083063, '완료');
INSERT INTO MASTER_ORDERS VALUES (399, 45, TO_DATE('2025-01-30', 'YYYY-MM-DD'), 672911, '준비중');
INSERT INTO MASTER_ORDERS VALUES (400, 37, TO_DATE('2025-03-21', 'YYYY-MM-DD'), 518435, '배송중');

-- MASTER_ORDER_DETAIL (~450행)
INSERT INTO MASTER_ORDER_DETAIL VALUES (1, 1, 22, 9, 120000);
INSERT INTO MASTER_ORDER_DETAIL VALUES (2, 1, 4, 3, 5000);
INSERT INTO MASTER_ORDER_DETAIL VALUES (3, 1, 31, 1, 9900);
INSERT INTO MASTER_ORDER_DETAIL VALUES (4, 2, 4, 2, 79000);
INSERT INTO MASTER_ORDER_DETAIL VALUES (5, 2, 26, 3, 120000);
INSERT INTO MASTER_ORDER_DETAIL VALUES (6, 3, 23, 5, 49900);
INSERT INTO MASTER_ORDER_DETAIL VALUES (7, 3, 13, 9, 9900);
INSERT INTO MASTER_ORDER_DETAIL VALUES (8, 3, 30, 10, 15000);
INSERT INTO MASTER_ORDER_DETAIL VALUES (9, 4, 30, 2, 120000);
INSERT INTO MASTER_ORDER_DETAIL VALUES (10, 5, 42, 8, 120000);
INSERT INTO MASTER_ORDER_DETAIL VALUES (11, 5, 15, 4, 15000);
INSERT INTO MASTER_ORDER_DETAIL VALUES (12, 6, 17, 6, 79000);
INSERT INTO MASTER_ORDER_DETAIL VALUES (13, 6, 12, 6, 49900);
INSERT INTO MASTER_ORDER_DETAIL VALUES (14, 6, 30, 8, 5000);
INSERT INTO MASTER_ORDER_DETAIL VALUES (15, 7, 31, 2, 49900);
INSERT INTO MASTER_ORDER_DETAIL VALUES (16, 8, 30, 3, 35000);
INSERT INTO MASTER_ORDER_DETAIL VALUES (17, 8, 23, 10, 15000);
INSERT INTO MASTER_ORDER_DETAIL VALUES (18, 9, 7, 7, 9900);
INSERT INTO MASTER_ORDER_DETAIL VALUES (19, 9, 21, 9, 9900);
INSERT INTO MASTER_ORDER_DETAIL VALUES (20, 9, 20, 9, 120000);
INSERT INTO MASTER_ORDER_DETAIL VALUES (21, 10, 38, 7, 25000);
INSERT INTO MASTER_ORDER_DETAIL VALUES (22, 10, 40, 4, 15000);
INSERT INTO MASTER_ORDER_DETAIL VALUES (23, 11, 25, 2, 49900);
INSERT INTO MASTER_ORDER_DETAIL VALUES (24, 11, 14, 10, 79000);
INSERT INTO MASTER_ORDER_DETAIL VALUES (25, 12, 37, 6, 25000);
INSERT INTO MASTER_ORDER_DETAIL VALUES (26, 12, 12, 2, 120000);
INSERT INTO MASTER_ORDER_DETAIL VALUES (27, 13, 38, 10, 120000);
INSERT INTO MASTER_ORDER_DETAIL VALUES (28, 14, 36, 2, 120000);
INSERT INTO MASTER_ORDER_DETAIL VALUES (29, 14, 12, 5, 79000);
INSERT INTO MASTER_ORDER_DETAIL VALUES (30, 15, 39, 2, 79000);
INSERT INTO MASTER_ORDER_DETAIL VALUES (31, 16, 32, 1, 9900);
INSERT INTO MASTER_ORDER_DETAIL VALUES (32, 16, 14, 3, 5000);
INSERT INTO MASTER_ORDER_DETAIL VALUES (33, 17, 10, 8, 35000);
INSERT INTO MASTER_ORDER_DETAIL VALUES (34, 18, 40, 10, 120000);
INSERT INTO MASTER_ORDER_DETAIL VALUES (35, 18, 13, 4, 49900);
INSERT INTO MASTER_ORDER_DETAIL VALUES (36, 19, 37, 5, 79000);
INSERT INTO MASTER_ORDER_DETAIL VALUES (37, 19, 23, 2, 5000);
INSERT INTO MASTER_ORDER_DETAIL VALUES (38, 20, 33, 7, 15000);
INSERT INTO MASTER_ORDER_DETAIL VALUES (39, 20, 19, 1, 49900);
INSERT INTO MASTER_ORDER_DETAIL VALUES (40, 20, 36, 1, 5000);
INSERT INTO MASTER_ORDER_DETAIL VALUES (41, 21, 36, 6, 9900);
INSERT INTO MASTER_ORDER_DETAIL VALUES (42, 21, 19, 1, 25000);
INSERT INTO MASTER_ORDER_DETAIL VALUES (43, 21, 28, 10, 79000);
INSERT INTO MASTER_ORDER_DETAIL VALUES (44, 22, 21, 7, 79000);
INSERT INTO MASTER_ORDER_DETAIL VALUES (45, 22, 25, 7, 25000);
INSERT INTO MASTER_ORDER_DETAIL VALUES (46, 22, 12, 8, 15000);
INSERT INTO MASTER_ORDER_DETAIL VALUES (47, 23, 36, 7, 49900);
INSERT INTO MASTER_ORDER_DETAIL VALUES (48, 24, 10, 5, 15000);
INSERT INTO MASTER_ORDER_DETAIL VALUES (49, 24, 9, 1, 9900);
INSERT INTO MASTER_ORDER_DETAIL VALUES (50, 25, 2, 3, 120000);
INSERT INTO MASTER_ORDER_DETAIL VALUES (51, 25, 28, 3, 9900);
INSERT INTO MASTER_ORDER_DETAIL VALUES (52, 25, 9, 7, 120000);
INSERT INTO MASTER_ORDER_DETAIL VALUES (53, 26, 39, 7, 15000);
INSERT INTO MASTER_ORDER_DETAIL VALUES (54, 26, 30, 9, 79000);
INSERT INTO MASTER_ORDER_DETAIL VALUES (55, 26, 36, 8, 79000);
INSERT INTO MASTER_ORDER_DETAIL VALUES (56, 27, 15, 3, 79000);
INSERT INTO MASTER_ORDER_DETAIL VALUES (57, 27, 39, 1, 120000);
INSERT INTO MASTER_ORDER_DETAIL VALUES (58, 28, 16, 9, 35000);
INSERT INTO MASTER_ORDER_DETAIL VALUES (59, 28, 27, 9, 49900);
INSERT INTO MASTER_ORDER_DETAIL VALUES (60, 28, 3, 1, 120000);
INSERT INTO MASTER_ORDER_DETAIL VALUES (61, 29, 24, 2, 120000);
INSERT INTO MASTER_ORDER_DETAIL VALUES (62, 29, 6, 3, 35000);
INSERT INTO MASTER_ORDER_DETAIL VALUES (63, 29, 30, 9, 9900);
INSERT INTO MASTER_ORDER_DETAIL VALUES (64, 30, 40, 2, 25000);
INSERT INTO MASTER_ORDER_DETAIL VALUES (65, 30, 31, 2, 35000);
INSERT INTO MASTER_ORDER_DETAIL VALUES (66, 30, 4, 6, 5000);
INSERT INTO MASTER_ORDER_DETAIL VALUES (67, 31, 30, 9, 120000);
INSERT INTO MASTER_ORDER_DETAIL VALUES (68, 31, 37, 6, 79000);
INSERT INTO MASTER_ORDER_DETAIL VALUES (69, 32, 19, 5, 15000);
INSERT INTO MASTER_ORDER_DETAIL VALUES (70, 32, 3, 10, 35000);
INSERT INTO MASTER_ORDER_DETAIL VALUES (71, 33, 37, 5, 5000);
INSERT INTO MASTER_ORDER_DETAIL VALUES (72, 33, 41, 8, 15000);
INSERT INTO MASTER_ORDER_DETAIL VALUES (73, 33, 4, 5, 5000);
INSERT INTO MASTER_ORDER_DETAIL VALUES (74, 34, 32, 2, 15000);
INSERT INTO MASTER_ORDER_DETAIL VALUES (75, 34, 33, 2, 35000);
INSERT INTO MASTER_ORDER_DETAIL VALUES (76, 35, 9, 10, 35000);
INSERT INTO MASTER_ORDER_DETAIL VALUES (77, 35, 18, 5, 5000);
INSERT INTO MASTER_ORDER_DETAIL VALUES (78, 36, 8, 10, 15000);
INSERT INTO MASTER_ORDER_DETAIL VALUES (79, 36, 38, 3, 120000);
INSERT INTO MASTER_ORDER_DETAIL VALUES (80, 36, 24, 3, 35000);
INSERT INTO MASTER_ORDER_DETAIL VALUES (81, 37, 16, 8, 15000);
INSERT INTO MASTER_ORDER_DETAIL VALUES (82, 37, 34, 1, 49900);
INSERT INTO MASTER_ORDER_DETAIL VALUES (83, 37, 6, 3, 15000);
INSERT INTO MASTER_ORDER_DETAIL VALUES (84, 38, 27, 7, 25000);
INSERT INTO MASTER_ORDER_DETAIL VALUES (85, 38, 29, 3, 25000);
INSERT INTO MASTER_ORDER_DETAIL VALUES (86, 39, 23, 1, 35000);
INSERT INTO MASTER_ORDER_DETAIL VALUES (87, 39, 8, 1, 15000);
INSERT INTO MASTER_ORDER_DETAIL VALUES (88, 39, 30, 7, 120000);
INSERT INTO MASTER_ORDER_DETAIL VALUES (89, 40, 31, 9, 25000);
INSERT INTO MASTER_ORDER_DETAIL VALUES (90, 40, 25, 7, 120000);
INSERT INTO MASTER_ORDER_DETAIL VALUES (91, 41, 10, 9, 79000);
INSERT INTO MASTER_ORDER_DETAIL VALUES (92, 41, 1, 5, 120000);
INSERT INTO MASTER_ORDER_DETAIL VALUES (93, 42, 21, 9, 5000);
INSERT INTO MASTER_ORDER_DETAIL VALUES (94, 42, 7, 9, 49900);
INSERT INTO MASTER_ORDER_DETAIL VALUES (95, 43, 40, 5, 49900);
INSERT INTO MASTER_ORDER_DETAIL VALUES (96, 43, 18, 5, 9900);
INSERT INTO MASTER_ORDER_DETAIL VALUES (97, 44, 42, 10, 79000);
INSERT INTO MASTER_ORDER_DETAIL VALUES (98, 44, 30, 4, 25000);
INSERT INTO MASTER_ORDER_DETAIL VALUES (99, 45, 22, 3, 49900);
INSERT INTO MASTER_ORDER_DETAIL VALUES (100, 45, 36, 1, 5000);
INSERT INTO MASTER_ORDER_DETAIL VALUES (101, 45, 5, 1, 79000);
INSERT INTO MASTER_ORDER_DETAIL VALUES (102, 46, 34, 2, 120000);
INSERT INTO MASTER_ORDER_DETAIL VALUES (103, 47, 15, 5, 35000);
INSERT INTO MASTER_ORDER_DETAIL VALUES (104, 47, 13, 1, 5000);
INSERT INTO MASTER_ORDER_DETAIL VALUES (105, 48, 6, 1, 25000);
INSERT INTO MASTER_ORDER_DETAIL VALUES (106, 48, 39, 2, 9900);
INSERT INTO MASTER_ORDER_DETAIL VALUES (107, 48, 9, 7, 15000);
INSERT INTO MASTER_ORDER_DETAIL VALUES (108, 49, 12, 5, 35000);
INSERT INTO MASTER_ORDER_DETAIL VALUES (109, 50, 5, 8, 35000);
INSERT INTO MASTER_ORDER_DETAIL VALUES (110, 50, 28, 6, 35000);
INSERT INTO MASTER_ORDER_DETAIL VALUES (111, 51, 5, 5, 5000);
INSERT INTO MASTER_ORDER_DETAIL VALUES (112, 52, 25, 6, 5000);
INSERT INTO MASTER_ORDER_DETAIL VALUES (113, 52, 17, 5, 15000);
INSERT INTO MASTER_ORDER_DETAIL VALUES (114, 53, 5, 8, 25000);
INSERT INTO MASTER_ORDER_DETAIL VALUES (115, 53, 40, 7, 15000);
INSERT INTO MASTER_ORDER_DETAIL VALUES (116, 54, 32, 2, 15000);
INSERT INTO MASTER_ORDER_DETAIL VALUES (117, 54, 35, 7, 25000);
INSERT INTO MASTER_ORDER_DETAIL VALUES (118, 54, 40, 2, 120000);
INSERT INTO MASTER_ORDER_DETAIL VALUES (119, 55, 17, 2, 5000);
INSERT INTO MASTER_ORDER_DETAIL VALUES (120, 55, 5, 2, 35000);
INSERT INTO MASTER_ORDER_DETAIL VALUES (121, 55, 29, 1, 120000);
INSERT INTO MASTER_ORDER_DETAIL VALUES (122, 56, 42, 1, 5000);
INSERT INTO MASTER_ORDER_DETAIL VALUES (123, 57, 25, 5, 15000);
INSERT INTO MASTER_ORDER_DETAIL VALUES (124, 57, 22, 7, 5000);
INSERT INTO MASTER_ORDER_DETAIL VALUES (125, 57, 33, 8, 120000);
INSERT INTO MASTER_ORDER_DETAIL VALUES (126, 58, 26, 2, 25000);
INSERT INTO MASTER_ORDER_DETAIL VALUES (127, 58, 1, 7, 120000);
INSERT INTO MASTER_ORDER_DETAIL VALUES (128, 59, 37, 9, 49900);
INSERT INTO MASTER_ORDER_DETAIL VALUES (129, 60, 20, 7, 5000);
INSERT INTO MASTER_ORDER_DETAIL VALUES (130, 60, 41, 2, 49900);
INSERT INTO MASTER_ORDER_DETAIL VALUES (131, 61, 22, 2, 120000);
INSERT INTO MASTER_ORDER_DETAIL VALUES (132, 61, 19, 4, 15000);
INSERT INTO MASTER_ORDER_DETAIL VALUES (133, 61, 36, 1, 79000);
INSERT INTO MASTER_ORDER_DETAIL VALUES (134, 62, 13, 5, 79000);
INSERT INTO MASTER_ORDER_DETAIL VALUES (135, 62, 7, 6, 120000);
INSERT INTO MASTER_ORDER_DETAIL VALUES (136, 62, 6, 8, 25000);
INSERT INTO MASTER_ORDER_DETAIL VALUES (137, 63, 3, 4, 5000);
INSERT INTO MASTER_ORDER_DETAIL VALUES (138, 64, 38, 4, 120000);
INSERT INTO MASTER_ORDER_DETAIL VALUES (139, 64, 25, 2, 35000);
INSERT INTO MASTER_ORDER_DETAIL VALUES (140, 64, 32, 9, 120000);
INSERT INTO MASTER_ORDER_DETAIL VALUES (141, 65, 3, 6, 5000);
INSERT INTO MASTER_ORDER_DETAIL VALUES (142, 66, 3, 7, 9900);
INSERT INTO MASTER_ORDER_DETAIL VALUES (143, 66, 14, 9, 120000);
INSERT INTO MASTER_ORDER_DETAIL VALUES (144, 67, 35, 3, 25000);
INSERT INTO MASTER_ORDER_DETAIL VALUES (145, 67, 5, 1, 15000);
INSERT INTO MASTER_ORDER_DETAIL VALUES (146, 67, 32, 1, 120000);
INSERT INTO MASTER_ORDER_DETAIL VALUES (147, 68, 3, 4, 15000);
INSERT INTO MASTER_ORDER_DETAIL VALUES (148, 68, 1, 3, 5000);
INSERT INTO MASTER_ORDER_DETAIL VALUES (149, 68, 20, 2, 120000);
INSERT INTO MASTER_ORDER_DETAIL VALUES (150, 69, 11, 10, 9900);
INSERT INTO MASTER_ORDER_DETAIL VALUES (151, 69, 7, 2, 120000);
INSERT INTO MASTER_ORDER_DETAIL VALUES (152, 69, 39, 10, 25000);
INSERT INTO MASTER_ORDER_DETAIL VALUES (153, 70, 13, 7, 49900);
INSERT INTO MASTER_ORDER_DETAIL VALUES (154, 71, 26, 6, 9900);
INSERT INTO MASTER_ORDER_DETAIL VALUES (155, 71, 37, 9, 15000);
INSERT INTO MASTER_ORDER_DETAIL VALUES (156, 71, 21, 4, 5000);
INSERT INTO MASTER_ORDER_DETAIL VALUES (157, 72, 12, 6, 9900);
INSERT INTO MASTER_ORDER_DETAIL VALUES (158, 72, 8, 5, 15000);
INSERT INTO MASTER_ORDER_DETAIL VALUES (159, 72, 27, 3, 49900);
INSERT INTO MASTER_ORDER_DETAIL VALUES (160, 73, 11, 8, 25000);
INSERT INTO MASTER_ORDER_DETAIL VALUES (161, 73, 38, 1, 15000);
INSERT INTO MASTER_ORDER_DETAIL VALUES (162, 73, 7, 10, 79000);
INSERT INTO MASTER_ORDER_DETAIL VALUES (163, 74, 2, 8, 9900);
INSERT INTO MASTER_ORDER_DETAIL VALUES (164, 75, 1, 3, 9900);
INSERT INTO MASTER_ORDER_DETAIL VALUES (165, 76, 42, 10, 35000);
INSERT INTO MASTER_ORDER_DETAIL VALUES (166, 76, 27, 8, 15000);
INSERT INTO MASTER_ORDER_DETAIL VALUES (167, 76, 14, 3, 35000);
INSERT INTO MASTER_ORDER_DETAIL VALUES (168, 77, 29, 7, 25000);
INSERT INTO MASTER_ORDER_DETAIL VALUES (169, 77, 12, 10, 5000);
INSERT INTO MASTER_ORDER_DETAIL VALUES (170, 77, 39, 3, 120000);
INSERT INTO MASTER_ORDER_DETAIL VALUES (171, 78, 6, 5, 49900);
INSERT INTO MASTER_ORDER_DETAIL VALUES (172, 78, 27, 1, 25000);
INSERT INTO MASTER_ORDER_DETAIL VALUES (173, 78, 13, 2, 9900);
INSERT INTO MASTER_ORDER_DETAIL VALUES (174, 79, 24, 9, 25000);
INSERT INTO MASTER_ORDER_DETAIL VALUES (175, 79, 30, 4, 35000);
INSERT INTO MASTER_ORDER_DETAIL VALUES (176, 79, 4, 4, 9900);
INSERT INTO MASTER_ORDER_DETAIL VALUES (177, 80, 31, 8, 15000);
INSERT INTO MASTER_ORDER_DETAIL VALUES (178, 81, 3, 1, 49900);
INSERT INTO MASTER_ORDER_DETAIL VALUES (179, 82, 14, 7, 35000);
INSERT INTO MASTER_ORDER_DETAIL VALUES (180, 82, 22, 10, 120000);
INSERT INTO MASTER_ORDER_DETAIL VALUES (181, 83, 7, 1, 15000);
INSERT INTO MASTER_ORDER_DETAIL VALUES (182, 84, 2, 8, 9900);
INSERT INTO MASTER_ORDER_DETAIL VALUES (183, 85, 16, 8, 49900);
INSERT INTO MASTER_ORDER_DETAIL VALUES (184, 86, 13, 6, 25000);
INSERT INTO MASTER_ORDER_DETAIL VALUES (185, 86, 8, 6, 25000);
INSERT INTO MASTER_ORDER_DETAIL VALUES (186, 87, 16, 7, 25000);
INSERT INTO MASTER_ORDER_DETAIL VALUES (187, 88, 15, 2, 120000);
INSERT INTO MASTER_ORDER_DETAIL VALUES (188, 88, 38, 8, 5000);
INSERT INTO MASTER_ORDER_DETAIL VALUES (189, 89, 10, 4, 120000);
INSERT INTO MASTER_ORDER_DETAIL VALUES (190, 89, 12, 7, 49900);
INSERT INTO MASTER_ORDER_DETAIL VALUES (191, 90, 30, 4, 49900);
INSERT INTO MASTER_ORDER_DETAIL VALUES (192, 91, 13, 6, 15000);
INSERT INTO MASTER_ORDER_DETAIL VALUES (193, 91, 3, 10, 5000);
INSERT INTO MASTER_ORDER_DETAIL VALUES (194, 92, 9, 2, 120000);
INSERT INTO MASTER_ORDER_DETAIL VALUES (195, 92, 30, 7, 15000);
INSERT INTO MASTER_ORDER_DETAIL VALUES (196, 93, 15, 5, 15000);
INSERT INTO MASTER_ORDER_DETAIL VALUES (197, 93, 41, 10, 15000);
INSERT INTO MASTER_ORDER_DETAIL VALUES (198, 94, 36, 4, 9900);
INSERT INTO MASTER_ORDER_DETAIL VALUES (199, 94, 27, 9, 120000);
INSERT INTO MASTER_ORDER_DETAIL VALUES (200, 94, 14, 10, 120000);
INSERT INTO MASTER_ORDER_DETAIL VALUES (201, 95, 18, 1, 79000);
INSERT INTO MASTER_ORDER_DETAIL VALUES (202, 95, 16, 4, 49900);
INSERT INTO MASTER_ORDER_DETAIL VALUES (203, 96, 38, 4, 15000);
INSERT INTO MASTER_ORDER_DETAIL VALUES (204, 96, 37, 1, 79000);
INSERT INTO MASTER_ORDER_DETAIL VALUES (205, 97, 3, 8, 5000);
INSERT INTO MASTER_ORDER_DETAIL VALUES (206, 98, 34, 7, 120000);
INSERT INTO MASTER_ORDER_DETAIL VALUES (207, 98, 7, 8, 120000);
INSERT INTO MASTER_ORDER_DETAIL VALUES (208, 99, 6, 9, 5000);
INSERT INTO MASTER_ORDER_DETAIL VALUES (209, 100, 27, 4, 15000);
INSERT INTO MASTER_ORDER_DETAIL VALUES (210, 100, 23, 5, 25000);
INSERT INTO MASTER_ORDER_DETAIL VALUES (211, 100, 42, 2, 5000);
INSERT INTO MASTER_ORDER_DETAIL VALUES (212, 101, 20, 3, 120000);
INSERT INTO MASTER_ORDER_DETAIL VALUES (213, 101, 37, 10, 5000);
INSERT INTO MASTER_ORDER_DETAIL VALUES (214, 102, 30, 3, 79000);
INSERT INTO MASTER_ORDER_DETAIL VALUES (215, 102, 12, 6, 120000);
INSERT INTO MASTER_ORDER_DETAIL VALUES (216, 103, 41, 1, 9900);
INSERT INTO MASTER_ORDER_DETAIL VALUES (217, 103, 25, 6, 5000);
INSERT INTO MASTER_ORDER_DETAIL VALUES (218, 103, 19, 7, 35000);
INSERT INTO MASTER_ORDER_DETAIL VALUES (219, 104, 40, 9, 25000);
INSERT INTO MASTER_ORDER_DETAIL VALUES (220, 104, 6, 10, 49900);
INSERT INTO MASTER_ORDER_DETAIL VALUES (221, 104, 4, 9, 49900);
INSERT INTO MASTER_ORDER_DETAIL VALUES (222, 105, 8, 7, 49900);
INSERT INTO MASTER_ORDER_DETAIL VALUES (223, 106, 40, 1, 49900);
INSERT INTO MASTER_ORDER_DETAIL VALUES (224, 106, 24, 3, 9900);
INSERT INTO MASTER_ORDER_DETAIL VALUES (225, 107, 14, 3, 49900);
INSERT INTO MASTER_ORDER_DETAIL VALUES (226, 107, 16, 9, 9900);
INSERT INTO MASTER_ORDER_DETAIL VALUES (227, 107, 42, 8, 25000);
INSERT INTO MASTER_ORDER_DETAIL VALUES (228, 108, 15, 6, 49900);
INSERT INTO MASTER_ORDER_DETAIL VALUES (229, 108, 18, 9, 79000);
INSERT INTO MASTER_ORDER_DETAIL VALUES (230, 108, 4, 2, 49900);
INSERT INTO MASTER_ORDER_DETAIL VALUES (231, 109, 29, 8, 9900);
INSERT INTO MASTER_ORDER_DETAIL VALUES (232, 109, 31, 9, 35000);
INSERT INTO MASTER_ORDER_DETAIL VALUES (233, 110, 40, 6, 9900);
INSERT INTO MASTER_ORDER_DETAIL VALUES (234, 110, 13, 8, 9900);
INSERT INTO MASTER_ORDER_DETAIL VALUES (235, 111, 26, 3, 35000);
INSERT INTO MASTER_ORDER_DETAIL VALUES (236, 112, 7, 3, 35000);
INSERT INTO MASTER_ORDER_DETAIL VALUES (237, 113, 10, 8, 15000);
INSERT INTO MASTER_ORDER_DETAIL VALUES (238, 114, 34, 1, 35000);
INSERT INTO MASTER_ORDER_DETAIL VALUES (239, 115, 35, 3, 120000);
INSERT INTO MASTER_ORDER_DETAIL VALUES (240, 115, 23, 7, 120000);
INSERT INTO MASTER_ORDER_DETAIL VALUES (241, 116, 42, 1, 35000);
INSERT INTO MASTER_ORDER_DETAIL VALUES (242, 116, 13, 2, 5000);
INSERT INTO MASTER_ORDER_DETAIL VALUES (243, 116, 15, 9, 49900);
INSERT INTO MASTER_ORDER_DETAIL VALUES (244, 117, 38, 6, 49900);
INSERT INTO MASTER_ORDER_DETAIL VALUES (245, 117, 32, 10, 120000);
INSERT INTO MASTER_ORDER_DETAIL VALUES (246, 118, 20, 10, 15000);
INSERT INTO MASTER_ORDER_DETAIL VALUES (247, 118, 11, 5, 25000);
INSERT INTO MASTER_ORDER_DETAIL VALUES (248, 119, 24, 5, 5000);
INSERT INTO MASTER_ORDER_DETAIL VALUES (249, 119, 10, 6, 35000);
INSERT INTO MASTER_ORDER_DETAIL VALUES (250, 120, 11, 10, 15000);
INSERT INTO MASTER_ORDER_DETAIL VALUES (251, 120, 35, 5, 15000);
INSERT INTO MASTER_ORDER_DETAIL VALUES (252, 121, 10, 3, 25000);
INSERT INTO MASTER_ORDER_DETAIL VALUES (253, 122, 3, 6, 15000);
INSERT INTO MASTER_ORDER_DETAIL VALUES (254, 123, 17, 6, 15000);
INSERT INTO MASTER_ORDER_DETAIL VALUES (255, 123, 14, 9, 5000);
INSERT INTO MASTER_ORDER_DETAIL VALUES (256, 124, 21, 6, 15000);
INSERT INTO MASTER_ORDER_DETAIL VALUES (257, 124, 24, 8, 15000);
INSERT INTO MASTER_ORDER_DETAIL VALUES (258, 124, 35, 5, 9900);
INSERT INTO MASTER_ORDER_DETAIL VALUES (259, 125, 26, 8, 15000);
INSERT INTO MASTER_ORDER_DETAIL VALUES (260, 126, 21, 3, 5000);
INSERT INTO MASTER_ORDER_DETAIL VALUES (261, 126, 35, 9, 49900);
INSERT INTO MASTER_ORDER_DETAIL VALUES (262, 127, 19, 8, 35000);
INSERT INTO MASTER_ORDER_DETAIL VALUES (263, 127, 37, 3, 120000);
INSERT INTO MASTER_ORDER_DETAIL VALUES (264, 127, 22, 2, 120000);
INSERT INTO MASTER_ORDER_DETAIL VALUES (265, 128, 9, 9, 9900);
INSERT INTO MASTER_ORDER_DETAIL VALUES (266, 129, 2, 7, 25000);
INSERT INTO MASTER_ORDER_DETAIL VALUES (267, 129, 29, 6, 9900);
INSERT INTO MASTER_ORDER_DETAIL VALUES (268, 130, 4, 10, 25000);
INSERT INTO MASTER_ORDER_DETAIL VALUES (269, 130, 38, 9, 25000);
INSERT INTO MASTER_ORDER_DETAIL VALUES (270, 131, 13, 1, 9900);
INSERT INTO MASTER_ORDER_DETAIL VALUES (271, 131, 35, 8, 9900);
INSERT INTO MASTER_ORDER_DETAIL VALUES (272, 132, 26, 4, 120000);
INSERT INTO MASTER_ORDER_DETAIL VALUES (273, 132, 21, 10, 5000);
INSERT INTO MASTER_ORDER_DETAIL VALUES (274, 132, 24, 7, 15000);
INSERT INTO MASTER_ORDER_DETAIL VALUES (275, 133, 28, 6, 79000);
INSERT INTO MASTER_ORDER_DETAIL VALUES (276, 133, 24, 1, 35000);
INSERT INTO MASTER_ORDER_DETAIL VALUES (277, 133, 23, 6, 35000);
INSERT INTO MASTER_ORDER_DETAIL VALUES (278, 134, 36, 2, 25000);
INSERT INTO MASTER_ORDER_DETAIL VALUES (279, 134, 29, 7, 120000);
INSERT INTO MASTER_ORDER_DETAIL VALUES (280, 135, 11, 7, 79000);
INSERT INTO MASTER_ORDER_DETAIL VALUES (281, 135, 9, 10, 9900);
INSERT INTO MASTER_ORDER_DETAIL VALUES (282, 136, 14, 5, 120000);
INSERT INTO MASTER_ORDER_DETAIL VALUES (283, 137, 22, 2, 79000);
INSERT INTO MASTER_ORDER_DETAIL VALUES (284, 137, 6, 1, 79000);
INSERT INTO MASTER_ORDER_DETAIL VALUES (285, 137, 41, 5, 79000);
INSERT INTO MASTER_ORDER_DETAIL VALUES (286, 138, 36, 8, 15000);
INSERT INTO MASTER_ORDER_DETAIL VALUES (287, 139, 12, 7, 35000);
INSERT INTO MASTER_ORDER_DETAIL VALUES (288, 140, 32, 1, 35000);
INSERT INTO MASTER_ORDER_DETAIL VALUES (289, 140, 38, 5, 120000);
INSERT INTO MASTER_ORDER_DETAIL VALUES (290, 140, 36, 8, 25000);
INSERT INTO MASTER_ORDER_DETAIL VALUES (291, 141, 1, 3, 35000);
INSERT INTO MASTER_ORDER_DETAIL VALUES (292, 142, 41, 8, 9900);
INSERT INTO MASTER_ORDER_DETAIL VALUES (293, 142, 42, 5, 79000);
INSERT INTO MASTER_ORDER_DETAIL VALUES (294, 143, 32, 4, 5000);
INSERT INTO MASTER_ORDER_DETAIL VALUES (295, 144, 18, 8, 9900);
INSERT INTO MASTER_ORDER_DETAIL VALUES (296, 145, 24, 10, 120000);
INSERT INTO MASTER_ORDER_DETAIL VALUES (297, 145, 37, 7, 35000);
INSERT INTO MASTER_ORDER_DETAIL VALUES (298, 145, 41, 8, 9900);
INSERT INTO MASTER_ORDER_DETAIL VALUES (299, 146, 33, 10, 5000);
INSERT INTO MASTER_ORDER_DETAIL VALUES (300, 146, 17, 3, 5000);
INSERT INTO MASTER_ORDER_DETAIL VALUES (301, 147, 21, 8, 15000);
INSERT INTO MASTER_ORDER_DETAIL VALUES (302, 148, 11, 1, 35000);
INSERT INTO MASTER_ORDER_DETAIL VALUES (303, 148, 24, 7, 49900);
INSERT INTO MASTER_ORDER_DETAIL VALUES (304, 149, 19, 5, 9900);
INSERT INTO MASTER_ORDER_DETAIL VALUES (305, 150, 13, 3, 9900);
INSERT INTO MASTER_ORDER_DETAIL VALUES (306, 150, 39, 3, 49900);
INSERT INTO MASTER_ORDER_DETAIL VALUES (307, 150, 21, 5, 35000);
INSERT INTO MASTER_ORDER_DETAIL VALUES (308, 151, 24, 2, 49900);
INSERT INTO MASTER_ORDER_DETAIL VALUES (309, 151, 10, 1, 15000);
INSERT INTO MASTER_ORDER_DETAIL VALUES (310, 151, 34, 5, 49900);
INSERT INTO MASTER_ORDER_DETAIL VALUES (311, 152, 27, 6, 15000);
INSERT INTO MASTER_ORDER_DETAIL VALUES (312, 152, 7, 4, 15000);
INSERT INTO MASTER_ORDER_DETAIL VALUES (313, 153, 15, 4, 9900);
INSERT INTO MASTER_ORDER_DETAIL VALUES (314, 153, 27, 8, 9900);
INSERT INTO MASTER_ORDER_DETAIL VALUES (315, 153, 8, 3, 5000);
INSERT INTO MASTER_ORDER_DETAIL VALUES (316, 154, 23, 5, 49900);
INSERT INTO MASTER_ORDER_DETAIL VALUES (317, 154, 9, 8, 49900);
INSERT INTO MASTER_ORDER_DETAIL VALUES (318, 155, 20, 1, 9900);
INSERT INTO MASTER_ORDER_DETAIL VALUES (319, 156, 9, 3, 25000);
INSERT INTO MASTER_ORDER_DETAIL VALUES (320, 157, 9, 4, 15000);
INSERT INTO MASTER_ORDER_DETAIL VALUES (321, 157, 6, 7, 9900);
INSERT INTO MASTER_ORDER_DETAIL VALUES (322, 158, 2, 8, 79000);
INSERT INTO MASTER_ORDER_DETAIL VALUES (323, 159, 13, 2, 5000);
INSERT INTO MASTER_ORDER_DETAIL VALUES (324, 160, 33, 10, 5000);
INSERT INTO MASTER_ORDER_DETAIL VALUES (325, 160, 31, 2, 35000);
INSERT INTO MASTER_ORDER_DETAIL VALUES (326, 160, 3, 2, 35000);
INSERT INTO MASTER_ORDER_DETAIL VALUES (327, 161, 1, 2, 9900);
INSERT INTO MASTER_ORDER_DETAIL VALUES (328, 161, 39, 4, 25000);
INSERT INTO MASTER_ORDER_DETAIL VALUES (329, 161, 12, 6, 5000);
INSERT INTO MASTER_ORDER_DETAIL VALUES (330, 162, 10, 5, 49900);
INSERT INTO MASTER_ORDER_DETAIL VALUES (331, 163, 11, 9, 25000);
INSERT INTO MASTER_ORDER_DETAIL VALUES (332, 163, 33, 10, 9900);
INSERT INTO MASTER_ORDER_DETAIL VALUES (333, 164, 38, 1, 25000);
INSERT INTO MASTER_ORDER_DETAIL VALUES (334, 165, 13, 5, 15000);
INSERT INTO MASTER_ORDER_DETAIL VALUES (335, 165, 35, 1, 9900);
INSERT INTO MASTER_ORDER_DETAIL VALUES (336, 165, 14, 9, 120000);
INSERT INTO MASTER_ORDER_DETAIL VALUES (337, 166, 38, 3, 120000);
INSERT INTO MASTER_ORDER_DETAIL VALUES (338, 166, 7, 3, 49900);
INSERT INTO MASTER_ORDER_DETAIL VALUES (339, 167, 28, 4, 25000);
INSERT INTO MASTER_ORDER_DETAIL VALUES (340, 167, 27, 2, 49900);
INSERT INTO MASTER_ORDER_DETAIL VALUES (341, 168, 30, 2, 15000);
INSERT INTO MASTER_ORDER_DETAIL VALUES (342, 169, 24, 5, 5000);
INSERT INTO MASTER_ORDER_DETAIL VALUES (343, 169, 6, 6, 120000);
INSERT INTO MASTER_ORDER_DETAIL VALUES (344, 170, 25, 5, 120000);
INSERT INTO MASTER_ORDER_DETAIL VALUES (345, 171, 20, 8, 25000);
INSERT INTO MASTER_ORDER_DETAIL VALUES (346, 171, 36, 7, 35000);
INSERT INTO MASTER_ORDER_DETAIL VALUES (347, 171, 28, 4, 9900);
INSERT INTO MASTER_ORDER_DETAIL VALUES (348, 172, 24, 3, 5000);
INSERT INTO MASTER_ORDER_DETAIL VALUES (349, 172, 32, 2, 79000);
INSERT INTO MASTER_ORDER_DETAIL VALUES (350, 173, 34, 2, 9900);
INSERT INTO MASTER_ORDER_DETAIL VALUES (351, 173, 10, 7, 79000);
INSERT INTO MASTER_ORDER_DETAIL VALUES (352, 174, 38, 2, 15000);
INSERT INTO MASTER_ORDER_DETAIL VALUES (353, 174, 5, 6, 25000);
INSERT INTO MASTER_ORDER_DETAIL VALUES (354, 174, 22, 4, 79000);
INSERT INTO MASTER_ORDER_DETAIL VALUES (355, 175, 15, 7, 120000);
INSERT INTO MASTER_ORDER_DETAIL VALUES (356, 176, 38, 10, 35000);
INSERT INTO MASTER_ORDER_DETAIL VALUES (357, 176, 42, 7, 49900);
INSERT INTO MASTER_ORDER_DETAIL VALUES (358, 177, 39, 7, 120000);
INSERT INTO MASTER_ORDER_DETAIL VALUES (359, 177, 33, 5, 15000);
INSERT INTO MASTER_ORDER_DETAIL VALUES (360, 178, 7, 2, 35000);
INSERT INTO MASTER_ORDER_DETAIL VALUES (361, 178, 32, 8, 25000);
INSERT INTO MASTER_ORDER_DETAIL VALUES (362, 179, 9, 1, 9900);
INSERT INTO MASTER_ORDER_DETAIL VALUES (363, 179, 4, 2, 120000);
INSERT INTO MASTER_ORDER_DETAIL VALUES (364, 179, 2, 3, 79000);
INSERT INTO MASTER_ORDER_DETAIL VALUES (365, 180, 21, 3, 35000);
INSERT INTO MASTER_ORDER_DETAIL VALUES (366, 180, 40, 10, 9900);
INSERT INTO MASTER_ORDER_DETAIL VALUES (367, 180, 5, 9, 120000);
INSERT INTO MASTER_ORDER_DETAIL VALUES (368, 181, 13, 5, 120000);
INSERT INTO MASTER_ORDER_DETAIL VALUES (369, 181, 32, 9, 35000);
INSERT INTO MASTER_ORDER_DETAIL VALUES (370, 182, 22, 9, 5000);
INSERT INTO MASTER_ORDER_DETAIL VALUES (371, 182, 3, 7, 9900);
INSERT INTO MASTER_ORDER_DETAIL VALUES (372, 182, 25, 8, 49900);
INSERT INTO MASTER_ORDER_DETAIL VALUES (373, 183, 29, 8, 5000);
INSERT INTO MASTER_ORDER_DETAIL VALUES (374, 183, 3, 3, 35000);
INSERT INTO MASTER_ORDER_DETAIL VALUES (375, 184, 11, 8, 79000);
INSERT INTO MASTER_ORDER_DETAIL VALUES (376, 184, 9, 5, 79000);
INSERT INTO MASTER_ORDER_DETAIL VALUES (377, 184, 32, 2, 120000);
INSERT INTO MASTER_ORDER_DETAIL VALUES (378, 185, 36, 9, 120000);
INSERT INTO MASTER_ORDER_DETAIL VALUES (379, 185, 31, 9, 15000);
INSERT INTO MASTER_ORDER_DETAIL VALUES (380, 185, 33, 1, 79000);
INSERT INTO MASTER_ORDER_DETAIL VALUES (381, 186, 32, 10, 79000);
INSERT INTO MASTER_ORDER_DETAIL VALUES (382, 186, 40, 6, 35000);
INSERT INTO MASTER_ORDER_DETAIL VALUES (383, 187, 4, 1, 5000);
INSERT INTO MASTER_ORDER_DETAIL VALUES (384, 187, 9, 6, 49900);
INSERT INTO MASTER_ORDER_DETAIL VALUES (385, 188, 38, 1, 49900);
INSERT INTO MASTER_ORDER_DETAIL VALUES (386, 188, 25, 2, 79000);
INSERT INTO MASTER_ORDER_DETAIL VALUES (387, 188, 23, 6, 79000);
INSERT INTO MASTER_ORDER_DETAIL VALUES (388, 189, 4, 4, 25000);
INSERT INTO MASTER_ORDER_DETAIL VALUES (389, 189, 16, 5, 9900);
INSERT INTO MASTER_ORDER_DETAIL VALUES (390, 190, 5, 5, 9900);
INSERT INTO MASTER_ORDER_DETAIL VALUES (391, 190, 22, 3, 5000);
INSERT INTO MASTER_ORDER_DETAIL VALUES (392, 190, 35, 6, 5000);
INSERT INTO MASTER_ORDER_DETAIL VALUES (393, 191, 28, 10, 79000);
INSERT INTO MASTER_ORDER_DETAIL VALUES (394, 191, 18, 1, 120000);
INSERT INTO MASTER_ORDER_DETAIL VALUES (395, 192, 2, 6, 79000);
INSERT INTO MASTER_ORDER_DETAIL VALUES (396, 192, 37, 7, 49900);
INSERT INTO MASTER_ORDER_DETAIL VALUES (397, 192, 7, 8, 9900);
INSERT INTO MASTER_ORDER_DETAIL VALUES (398, 193, 14, 6, 120000);
INSERT INTO MASTER_ORDER_DETAIL VALUES (399, 193, 33, 6, 15000);
INSERT INTO MASTER_ORDER_DETAIL VALUES (400, 193, 40, 5, 49900);
INSERT INTO MASTER_ORDER_DETAIL VALUES (401, 194, 13, 8, 9900);
INSERT INTO MASTER_ORDER_DETAIL VALUES (402, 194, 35, 4, 35000);
INSERT INTO MASTER_ORDER_DETAIL VALUES (403, 195, 4, 5, 79000);
INSERT INTO MASTER_ORDER_DETAIL VALUES (404, 195, 15, 10, 9900);
INSERT INTO MASTER_ORDER_DETAIL VALUES (405, 196, 38, 2, 49900);
INSERT INTO MASTER_ORDER_DETAIL VALUES (406, 196, 18, 2, 120000);
INSERT INTO MASTER_ORDER_DETAIL VALUES (407, 196, 28, 4, 49900);
INSERT INTO MASTER_ORDER_DETAIL VALUES (408, 197, 42, 5, 35000);
INSERT INTO MASTER_ORDER_DETAIL VALUES (409, 198, 35, 6, 25000);
INSERT INTO MASTER_ORDER_DETAIL VALUES (410, 198, 27, 7, 35000);
INSERT INTO MASTER_ORDER_DETAIL VALUES (411, 199, 33, 8, 15000);
INSERT INTO MASTER_ORDER_DETAIL VALUES (412, 199, 2, 9, 15000);
INSERT INTO MASTER_ORDER_DETAIL VALUES (413, 199, 37, 8, 25000);
INSERT INTO MASTER_ORDER_DETAIL VALUES (414, 200, 30, 5, 79000);
INSERT INTO MASTER_ORDER_DETAIL VALUES (415, 200, 37, 1, 25000);
INSERT INTO MASTER_ORDER_DETAIL VALUES (416, 200, 24, 8, 15000);
INSERT INTO MASTER_ORDER_DETAIL VALUES (417, 201, 10, 5, 79000);
INSERT INTO MASTER_ORDER_DETAIL VALUES (418, 202, 21, 2, 25000);
INSERT INTO MASTER_ORDER_DETAIL VALUES (419, 202, 27, 5, 35000);
INSERT INTO MASTER_ORDER_DETAIL VALUES (420, 203, 11, 5, 25000);
INSERT INTO MASTER_ORDER_DETAIL VALUES (421, 203, 26, 4, 9900);
INSERT INTO MASTER_ORDER_DETAIL VALUES (422, 203, 10, 4, 5000);
INSERT INTO MASTER_ORDER_DETAIL VALUES (423, 204, 20, 8, 120000);
INSERT INTO MASTER_ORDER_DETAIL VALUES (424, 205, 28, 7, 5000);
INSERT INTO MASTER_ORDER_DETAIL VALUES (425, 205, 13, 3, 35000);
INSERT INTO MASTER_ORDER_DETAIL VALUES (426, 205, 9, 1, 35000);
INSERT INTO MASTER_ORDER_DETAIL VALUES (427, 206, 36, 3, 5000);
INSERT INTO MASTER_ORDER_DETAIL VALUES (428, 206, 32, 1, 5000);
INSERT INTO MASTER_ORDER_DETAIL VALUES (429, 207, 21, 10, 35000);
INSERT INTO MASTER_ORDER_DETAIL VALUES (430, 208, 27, 6, 9900);
INSERT INTO MASTER_ORDER_DETAIL VALUES (431, 209, 9, 4, 9900);
INSERT INTO MASTER_ORDER_DETAIL VALUES (432, 209, 37, 9, 9900);
INSERT INTO MASTER_ORDER_DETAIL VALUES (433, 210, 38, 9, 35000);
INSERT INTO MASTER_ORDER_DETAIL VALUES (434, 210, 32, 2, 25000);
INSERT INTO MASTER_ORDER_DETAIL VALUES (435, 210, 39, 2, 49900);
INSERT INTO MASTER_ORDER_DETAIL VALUES (436, 211, 38, 7, 25000);
INSERT INTO MASTER_ORDER_DETAIL VALUES (437, 211, 28, 4, 15000);
INSERT INTO MASTER_ORDER_DETAIL VALUES (438, 212, 12, 4, 35000);
INSERT INTO MASTER_ORDER_DETAIL VALUES (439, 213, 27, 5, 5000);
INSERT INTO MASTER_ORDER_DETAIL VALUES (440, 213, 32, 9, 49900);
INSERT INTO MASTER_ORDER_DETAIL VALUES (441, 214, 8, 6, 79000);
INSERT INTO MASTER_ORDER_DETAIL VALUES (442, 214, 31, 4, 35000);
INSERT INTO MASTER_ORDER_DETAIL VALUES (443, 214, 10, 6, 120000);
INSERT INTO MASTER_ORDER_DETAIL VALUES (444, 215, 24, 5, 5000);
INSERT INTO MASTER_ORDER_DETAIL VALUES (445, 215, 42, 10, 5000);
INSERT INTO MASTER_ORDER_DETAIL VALUES (446, 215, 4, 4, 35000);
INSERT INTO MASTER_ORDER_DETAIL VALUES (447, 216, 25, 5, 49900);
INSERT INTO MASTER_ORDER_DETAIL VALUES (448, 216, 8, 9, 25000);
INSERT INTO MASTER_ORDER_DETAIL VALUES (449, 216, 29, 7, 5000);
INSERT INTO MASTER_ORDER_DETAIL VALUES (450, 217, 17, 5, 9900);

-- 총 행 수: MASTER_CUSTOMER(100) + MASTER_PRODUCT(50) + MASTER_ORDERS(400) + MASTER_ORDER_DETAIL(450) = 1000

COMMIT;
